이름,주소,평점,주요 리뷰
캡틴 루이,연수구 컨벤시아대로391번길 20,4.8,"Yijin Kim (Jane)(4점): 커플세트(새우,  오징어, 조개, 홍합, 꽃게, 가리비,옥수수, 감자, 갈릭파스타, 갈릭볶음밥, 폭탄새우볼 2개)  69,000원 | 황재원(5점): 미국에서 먹을 수 있는 맛이었습니다. 맛있습니다. 분위기도 좋고, 창가쪽에 있는 바다뷰는 일몰때 오면 아주 좋고 훌륭합니다. | 승전고(5점): 뉴저지 여행갔을때 본점에서 먹어봤는데 한국에 생겨서 너무좋아요~~맛도 똑같고 자주 올수 있어서 기뻐요:) 또올게요 분위기 짱°° | 김다순(5점): 아 원래 리뷰 잘 안 쓰는 성격인데 제가 리뷰 쓸 정도면 존맛이란 증거입니다 여러뷴 진짜 여기 꼭 유명해져서 없어지면 안 됨ㅠㅠㅠㅠㅠㅠㅠㅠ 사장님 오래오래 운영해주세요ㅠ 오션뷰도 미쳤고 해산물 퀄리티도 지림 특히 파스타 쪼오오오오오온맛 | 김지연(5점): 공원 산책하고 밥 먹기 딱 좋아요💖"
케이슨24 캡틴루이,연수구 컨벤시아대로391번길 20,4,"runwayLight Kim(3점): 점심 즈음에 다녀 왔습니다. | goyo han(5점): 저녁에 가서 야경을 보고 왔습니다 | 페페(3점): 일몰찍으러 자주 가던곳 오랜만에 갔더니 | 문정민(4점): 커피는 좀 아닌것 같고 위치상 전망  좋아요.옆에 24시간 라면 팔아욤 | 해삼(5점): 미국식 해물찜이라고 생각하되, 좀더 세련된 느낌입니다"
샐러디 인천대점,대학교,4.4,Gary DH(4점): 야채가 너무 신선해서 깜짝 놀랐어요. | 권순재(5점): 맛도 상당히 괜찮고 처음 먹어보는 음식임에도 오랫동안 먹었던 음식이었던 것처럼 부담없이 잘 들어갔습니다. | MyeongUk Kuk(4점): 알바님이 새로 오신 뒤로 샐러드 제작이 매우 빨라짐. 연어는 당일 해동이여서 12시에 가능. | 조미정(5점): 꽃을 사랑으로 키우시고 음식을 사랑으로 하시네요. 너무 맛있습니다 | 김진아(5점): 내 취향은 아닌데 저렴하고 야채 먹기 좋네요.
샹차이 인천대학교점,연수구 송도1동 아카데미로 119,3.7,Younsok Choi(2점): 학교 안이라 교수님 모시고 식사하는 자리로도 많이 애용할 것 같은데... 코스요리는 가성비가 심하게 떨어지는 편. 재료는 괜찮아 보이지만 맛도 양도 정갈함도 많이 부족해보입니다. | troki(4점): 인천대학교 안에서 멀리 나가지 않고 맛있는 중식을 먹을 수 있어서 좋습니다. 다만 테이블간 간격이 넓지 않아서 민감하신 분들은 신경쓰일 것 같아요. 그와 별개로 직원분들은 친절하십니다. 다만 호출벨이 설치 되어있으면 더 편할 것 같아요. | SNU KIM(4점): 특이하게도 학생메뉴란게 있어요. | 최수봉(5점): 학교안에 이런 식당이 있는 것은 행운입니다. 차돌박이짬뽕밥이었는데 정신차려보니 빈그릇만 .... | Seungyoung Kim(4점): 주변에 식당이 없다는 점에서 대학내에 있는 중국집~
양평해장국 인천대점,연수구 하모니로 271,4.1,Dulgi Dark(5점): 순대국밥 국물이 얼큰하고 맛있습니다. 순대는 공장 당면 순대가 아닌 대창 순대입니다. 반찬도 맛이 좋았습니다 | Ted Kim(2점): 오픈할 때와는 다르게 양도 훨씬 작아졌다. | Jaemoon Park(3점): 코스테이 건물내 2층에 위치한 평범한 해장국 국밥집. | 서지훈(5점): 가격이 저렴하고 맛있습니다. | 이영건 Francesco(5점): 사람이 많네요. 깨끗하고 맛있습니다.
오복솥뚜껑 송도점,연수구 하모니로 138번길 11,4.7,"Hyunseung Park(4점): 직접 구워 먹는 삼겹살집 | riri park(5점): 고기도 맛있고 미나리,김치,콩나물까지 최고에요! 김치는 리필 시 추가요금 1000원 있고 순두부찌개 맛있어요!! | 함상만(4점): 직원들 빠릇빠릇 | 데나리온(DENARION)(5점): 고기와 반찬이 좋은데 가격도 저렴합니다 2402 | 성스타 (뉴스타만세)(5점): 새로생긴 매장답게 우선 깔끔합니다"
여기가제주인가송도인가,연수구 송도동 110,4,Eun Hye Lee(5점): 고기질이 정말 좋습니다. 반찬들이 깔끔하고 신선했어요 상추값이 비싼데 다른집은 상추대신 배추를 주는데 이집은 비싸도 상추를 주내요. 마인드가 짱이에요 오겹살이 맛있어서 종류별로 다 먹어봤어요 정말 맛있어요~~꼭가보세요 | 데나리온(DENARION)(2점): 비싼가격 지불하고 모든걸 직접 구워먹어야하는집 반찬은 냉동삼겹살집처럼 쟁반에 줍니다 반찬류는 빈약 고기는 맛있습니다 2501 | 승전고(5점): 반찬부터 고기까지 모든게 완벽해요 진찌맛있어요~~ | 황써니 (써니황)(4점):  | 김병권(4점): 
오이삼계탕 송도직영점,KR 인천광역시 연수구 송도동 10-39 B동 203호,4.3,"사색클로버의 새순(4점): 오이삼계탕 녹두전문, 녹두의 고소함, 옛날 엄마가 해주는 녹두죽의 향기로, 녹두삼계탕 고소해서, 국물하나 안남기고 클리어~ | 유미나(5점): 여름맞이 몸보신하러 왔는데 | 삼총사(5점): 맛있게 먹고온곳이예요~ 녹두삼계탕 먹었는데 구수하고 든든하게 먹고왔네요~ 사람들 정말 많더라구요~^^ | 데나리온(DENARION)(4점): 삼계탕 맛있고 반찬도 여러가지 있으면서 맛있고 서비스로 주는 인삼주도 맛있습니다 2501 | 이병석(4점): 닭뽁음탕.닭백숙 두 음식다 맛남."
더샤브칼국수,연수구 벤처로 10 B동 202호,4.2,성스타 (뉴스타만세)(5점): 가격도좋고 맛도좋고 주차편하고 게다가 탄산음료도 공짜로 먹을수있어서 좋더라고요 👍 | 안국기(2점): 무난한 맛의 미나리 샤브칼국수집 입니다. 겉절이가 자극적이라 좋았고 샤브샤브는 일반적이였습니다. 성인 남성 4명이서 고기추가 2회를 해야 배가 적당히 찼습니다. 칼국수 양이 많아서 남길생각으로 삶아야합니다. 마지막 볶음밥은 슴슴해서 걸죽한 칼국수 국물을 넣어 먹으면 밸런스있게 좋았습니다. | 데나리온(DENARION)(3점): 맛있기는한데 가격 양 서빙 등등이 아쉬움 2310 | MD kim(5점): 근처 방문했다가 그냥 별 생각없이 방문. | 김은선(5점): 아이 식성 까다로운데 여기칼국수 잘 먹습니다. 아이 인사도 기분좋게 받아주시고 소고기 양 적다는 후기 있는데 그건 소갈비집 가심이..미나리나 계란 볶음밥 칼국수 양 푸짐합니다. 소고기 샤브도 먹을만큼 적당히 나와요.
번패티번 송도,연수구 벤처로 10,4.7,"Woojin Shim(5점): 인천 송도 신상 수제버거 맛집..오픈주방에. 패티에 진심..단백하고 맛있어요..재료가 좋은듯..인테리어 짱!!! 카페같아요..넓고. 주차장 1시간 무럿.. 직원 청결,친절.. 창가자리 얘기하기 좋아요..강추. 곰돌이 포토존~^^ | 쩡쩡(5점): 좀 비싸다고 생각들수도있는데 쉑쉑에 비해서 양도 재료도 훨씬 압도적 맛있다 빵하고 고기 패티가 특히 맛있다 | Sonny Shan(5점): 송도에 새로 생긴 버거 레스토랑. Bunpattybun 버거 조인트 체인의 일부입니다. | Tobias Dumke(5점): 7시간 운전해서 저녁에 뭔가 먹고 싶었는데 그 다음 우리는 BunPattyBun을 보았습니다. | Jim Strang(5점): 훌륭한 버거"
본죽&비빔밥cafe 인천송도웰카운티점,South Korea,3.9,"김범석 (heliother)(3점): 예전부터 느끼는데 여자사장님은 아주아주 친절하시지만 남자사장님은 좀 무뚝뚝하심. 죽맛은 그냥 본죽의 그것임. 좀 비싸긴 하지만 먹을것없는 지식정보단지역 일대에서 꽤 괜찮은 식당 | james chae(5점): 죽 종류는 기본적으로 맛이 있고, 비빔밥이 일품이다. 외국손님들이 올 때마다 같이 식사하러간다. 물론 외국손님(독일) 들도 아주 맛있다고 한다. 주인분들도 친절하시고 요즘 같이 건강과 맛을 생각하는 시대에 정말 최적의 식당이라고 생각한다. | 이파엘(1점): 최악의 죽집 입니다.  죽 자체가  짜요.  원래  짜게 나온다고 하네요. 주문할때  싱겁게  해달라고 말해야 하는 곳 입니다.  전체적으로  서비스가 엉망인 곳이고  절대 추천 하지 않습니다.  다시는 가고 싶지 않습니다, | 진숙임(4점): 점심예약하고 바로  먹고 회사로~~,,회사메뉴 맘에안들때  점심식사로 자주 이용해요 | 1270 Joun(1점): 이자리..개업할때부터 계신..사장님인데..요즘..여사장님 초심을 잃은듯 싶어..안타깝습니다."
피자마루웰카운티점,연수구 해송로 143,4.5,Seo Y(5점): 제가 피자마루를 좋아해서 지역별로 많이 먹어봤는데 | 허하하(5점): 자주시켜먹는피자집이라도배달로만접하니 주인아주머니얼굴한번뵌적은없지만  중학생인울아들  친구들과주머니돈 털어서 먹고싶은맘에피자먹으러갔다가 3000~4000원정도의돈이부족했던가봅니다.   걱정을하던차에  아주머니께서보시곤 모지라는돈은나중돈생기면 갚으라면  피자를주셨다네요.  요즘도이런분이계시니  넘감사합니다.   대박나세요!  참고로 보시는분들중  드셔본분은아시겠지만  피자맛도 참좋다는거  아실거예요 | son Mr.(5점): 사장님께서 정말 친절하시고 | 김동운(5점): 인테리어 괜찮고... 가격도 적당하고...직원도 친절하고.. 전체적으로 괜찮은듯 합니다. | 박동일(3점): 간단하게 식사대용으로 좋아요
봉추찜닭,연수구 송도1동 하모니로 124,3.9,은요미(4점): 맛 있 어 요 | John Yoon(3점): 프랜차이즈 찜닭집이라 그런지 중간은 가는것같습니다. | 숏롱(3점): 면추가하면 면만먹게됨.. 생각보다 양이 적어서 아쉽 | 이귀봉 (Albert)(5점): 음식에 자부심으로 경영을 하는 가게로 | 이윤선(5점): 봉추  굿굿!!찜닭  넘 맛있어오ㅜㅜ 크지도 않은 가게라 조금 만하고 아담합니다~맛도 굿굿
조앤더주스,연수구 송도국제대로 123,3.8,"이상은(4점): 아보카도커피를 제일 좋아해요. 재료도 좋고 맛도 좋아요. 분위기가 아울렛이고 오픈돼서 좀 어수선하긴하더라구요. | Jinijiny(4점): 스웨덴에서 만난 조앤더쥬스를 송현아에서 볼 수 있어서 좋네용..! 송현아 내에 샌드위치 파는 곳이 없어서 가봤는데.. 샌드위치는 앞으로는 안 사먹을 것 같아욤.. 쥬스는 비싸지만 생과일 쥬스니까 괜찮았습니당 ~ | 290 290(2점): 현대 아울렛 지하에 있는데 비싼데 커피맛은 내가 먹어본 커피중에 기억할 만큼 맛없어요. | 뒷산좋아(4점): 이집 주스를 아직 못마셔서 | 최강현(4점): 샌드위치는 스파이시 추천. 생각보다 맵진 않음. 주스는 라즈베리, 바나나, 딸기가 들어간 주스임. 꽤 맛있었음. 다만 가격이 좀 비싼 게 흠."
탄탄면공방 현대프리미엄아울렛 송도점 (Tantan Noodles Kitchen),연수구 송도동 168-4,3.8,안국기(3점): 불호가 없지 않을까 싶을정도로 한국입맛에 가까워진 탄탄면을 맛볼수있습니다. 돼지국물 베이스에 얼큰 고소한 탄탄면이 좋았습니다. 치킨에그마요덮밥은 바삭한 치킨과 짭짤하고 고소한 맛으로 약간 매운 탄탄면을 중화시켜서 좋았습니다. 송현아에서 가장 괜찮았던 식당입니다. | 조은서(4점): 송현아가 생긴 때부터 다른데는 많이 없어졋는데 계속 유지하는 집..그만큼 맛이 있는 곳.. | 김현중(5점): 이번에 먹은 맛은 기본맛. | yunjeong Gil(3점): 땅콩이 들어가 고소한 맛이 있고 살짝 매콤해서 좋았는데 대신 돼지고기 고명에서 좀 누린내가 나거 아쉬웠습니다. 만두도 큼직하고 고소해서 먹을만했는데 탄탄면이 주 메뉴하나던데 국물에서 좀 아쉽네요 | 이정민(5점): 상당히 괜찮았다! 국물에서 땅콩향이 가득가득 느껴졌다.
머노까머나 송도2호점,"연수구 송도동 과학로16번길 33 3 C동 지하1,2층 B104,B211호",4.2,"아로미취미생활(5점): 송도 트리플스트리트에 위치한 머노까머나는 인도 요리를 제대로 즐길 수 있는 맛집으로, 깔끔한 분위기와 알찬 메뉴 구성이 인상적인 곳이에요. 저는 이번에 머노까머나 세트B를 주문했는데, 그린샐러드, 치킨티카, 커리, 난, 밥, 라씨까지 다양한 요리가 한 상 가득 차려져 정말 만족스러웠답니다. | 이건영(5점): 머노까머나 - 송도 트리플스트리트의 숨은 보석 | 백호누누의 일상(4점): 인도요리가 먹고 싶어 방문 후 대부분 인기 메뉴로 주문하였습니다. | Sunggu Kwon(5점): 원래 커리를 별로 안 좋아하는데, 머노까머나에서 맛본 인도커리는 굉장히 제 입에도 잘 맞고 맛있어서 재방문 했습니다. | 안국기(3점): 직원분이 잘 챙겨주시지만 한국어와 영어 모두 소통이 어렵고 무뚝뚝함."
깐부치킨 트리플스트리트점,연수구 송도동 과학로16번길 33-3 C동 210호 깐부치킨 트리플스트리트,3.9,"dosung Yoon(4점): 매장이 넓은편이고, 일요일 오후인데 조용해요. | yongse kim(3점): 깐부치킨의 하이볼. | S여행지도(4점): 트리플에서 적당히 치킨을 먹을 수 있는 곳. 마늘치킨은 양이 적다. 후라이드가 맛있다. | John Yoon(3점): 치맥하기 좋은 깐부치킨 | 강러블리(3점): 특별한 맛은없다.쏘쏘"
스시에 반하다,KR 인천광역시 연수구 송도동 센트럴로 123 송도컨벤시아 컨벤시아몰 스시에반하다 1층,4,"한주영(4점): C 송도 컨벤시아 내의 초밥 전문점. 내부 분위기 아기자기 하고, 음식도 괜찮음. 행사장에서 간단히 한끼 먹기 좋음. | 박혜영(3점): 너무 아기자기 하네요. | 한영옥(4점): 친절하고 맛있었어요.. | 맘이따뜻한맘(5점): 스시에반하다란 매장 이름자체가 특별하고 코로나로 인한 고객 관리를 청결을 신경쓰시며 깨끗한 매장.핑크한 인테리어의 조화. | 당주(5점): 송도신도시 롯데마트 방향 컨벤시아 내부에 있습니다. 가게가 일식집보단 카페처럼 예쁩니다. 직원들이 친절하고 위생도 청결합니다. 초밥 12조각 기준 25000원 언저리라 다소 비싼감이 있지만 반찬이 실하고 후식으로 아이스크림도 나옵니다. 초밥은 식감이 깔끔하고 매우 맛있었습니다. 물은 따뜻한 차 1잔, 찬물 1잔, 생수병 1병이 동시에 제공됩니다."
짱구네 송도점,연수구 송도동 미래로 9 짱구네 송도점 1층,4,SeongMin Yu(4점): 맛있음 | Wayne Park(4점): 인당 3만원이라 비싼데 음식은 맛있네요. 산낙지가 통으로 들어갑니다. 빨간맛 추천요. | 가채현(4점): 식당 내부 깔끔한 편. | North West(4점): 유명한 음식점의 지점입니다. | 데나리온(DENARION)(3점): 낙지는 크고 좋은데 돼지고기는 부실합니다 그전보다 단맛은 적어졌으나 맛은 텁텁한 느낌 2103
돈까스만드는삼촌,"연수구 송도동 미래로 9 brc연구소 3동 113호,114호 1층",3.8,일주일에한번하는 먹방(5점): 위생이 기본인 정말 맛집이예요.  근처 현장이 있는데 주변 식당들보다 맛도있고 서비스도 괜찮습니다 | Alessandro Park(5점):  | 최다빈(5점):  | 김윤석(2점):  | 진세화(3점): 
송도명품삼계탕,연수구 송도동 203-3,4.1,"the peacers(3점): 저는 삼계탕 안 좋아해서 맛을 잘 모르는데 | 이천억(5점): 우연히 알게되어 갔는데 들어가면서부터 식당내부가 깔끔하고 직원분도 친절하시고, 밑반찬나왔는데 깔끔. | 신설헌(5점): 들께삼계탕이랑 흑마늘진액 삼계탕 먹었어요! | 하수구(4점): 진짜 닭이 아닌 약을 먹은 기분! | 이지훈(5점): 작년 복날에도 갔었고 이번 초복에 갔었는데 맛있어요. 음식 빨리나와서 회전율 빨라서 좋음"
쭈꾸미일당백 송도점,연수구 송도동 미래로 9 3동 311호,4.4,아나훈 (The Voice)(5점): 사장님 안녕하세요 :) | 스티븐숟갈(5점): 주차하기편하고 음식도 맛있어요 | 최준혁(5점): 진짜 인천 대 맛집인데 너무 숨겨져있어요ㅠㅠㅠ 홍보도 안되고 간판도 길거리에서 안보이는데 진짜 찐맛집입니다..  그 전국구 쭈꾸미맛집 원당 쭈꾸미일당백 송도점인데 맛이 원당에서 먹던 그 맛 그대로 입니다..  꼭 가세요 제발 두번 가세요 | 성스타 (뉴스타만세)(5점): 주꾸미도 넉넉하기 맵기도적당하고 맛도 좋았구요 | 진세화(3점): 쭈꾸미 비빔밥 맛있었어요
놀부부대찌개 놀부보쌈 Nolboo,인천광역시 송도동 미래로408번길 30,3.2,"데나리온(DENARION)(3점): 3층에 위치 인테리어는 오래된듯 근처 부대찌개집중에 장사가 안되는편인듯 맛은 다아는 바로 그맛 2311 | 이병용(3점): 간판은 송자매 부대찌개던데, 바뀐건지. 고추장 양념으로 한 부대찌개, 자매 세분이 운영하시는거 같고 이쁘시네요 그래서 음식이 맛있는건가?. 밑반찬 간단한데 괜찬고. 친절하시네요 | NARU KANG(5점): 집밥 처럼 나오고 밑빌찬 많아요. | Counter Punch_64(5점): 한끼만  먹어도 배부를듯한 | 김광형(4점): 버터를  넣어서  같이  먹어면 더 맛나요"
고니면옥,연수구 송도동 미래로 47,4.1,"js kim(5점): 딱 스탠다드한 함흥냉면집.. 간이 잘된 육수를 홀짝거리고 있으면 금방 냉면이 나옴.. 맛은 적당하다.. 피크타임에 가면 약간의 웨이팅이 있음 | TREE50 LEE(5점): 내공이 높은  깔끔한 육수맛  비빔냉면도  뒷맡 깔끔  만두도  속이  좋아요  비오는데  우산도 미리  준비해주시는 직원분의 센스도  굳    갈비탕은  다 나가서  못 챙겼네요  앞쪽에  주차장은  아니겠지만  공간이  넓어서  좋아요 | Alex Kim(5점): 첫 방문이었고 가족과 함께 물,비빔냉면, 왕만두를 먹었습니다. | 김현중(5점): 송도 냉면 맛집 중 한 곳! | Min K. Kim(5점): 건물 뒷편에 주차공간 있어서 좋았고, 점심시간이라 약간 기다렸지만 맛나게 먹었습니다. 개인적으론 물냉보다 회냉이 더 맛있는듯."
송도갈비 국제신도시점,연수구 첨단대로 80,4.1,ppeumi_mom(5점): 가족들이랑 갈비먹으러 가끔 가는데 고기도 빨리 잘 구워주시고 고기 및 밑반찬  퀄리티도 좋아서 아이들도 어른들도 모두 좋아하는 집이예요 | 김현중(5점): 송도에서 갈비가 땡길 때 굳이 먼 곳 가지 않고 여기만 가도 충분한 곳!! 음식이 전반적으로 맛있고 직원분들 친절. 심지어 포인트 적립도 되는 곳.. 강추!! | k전람회(3점): 갈비탕을 시켰는데요. | BusyBee(5점): 돼지갈비 너무 맛있어요! | 이사자(1점): 불쾌한 식사 했습니다
서원떡집,연수구 송도동 송도국제대로 261 더샵센트럴시티상가 113호 서원떡집 서원떡집,3.8,hailey kwon(5점): 애기 백일떡 주문하러 갔는데 친절하게 해주시고 특히 포장이 깔끔해서 좋았습니다. | Shin영민(1점): 별하나도 아깝네요!! | 둰(5점): 맛떡 ♡♡ | 9yu man(5점): 떡이 맛있고 주인내외분이 다정함 | 이요한(5점): 소량포장해서 판매
송도국제신도시 송도갈비,연수구 첨단대로 80,4.7,쪼꼬짜니(5점): 통양념갈비한상 먹었어요~ 양많고 고기질도 좋아서 적당히 배부르게 먹었네요ㅎㅎ 직접 구워주시니 편하게 먹었어용!! 주차하기도 편하고 가게내부 인테리어가 예뻐서 모임하기 좋은 곳인듯해용~~~ 남자친구랑 같이 먹었는데 담번엔 부모님 데리구 오려고용ㅎㅎ | 정은아(5점): 직원분들 너무 친절하고 맛있게 구워주십니다! 특히 숯불등심주물럭!! 넘 맛있었어용 본갈비탕도 하나 시켜먹었는데 맛있더라구요! | 한홍규(5점): 숯불 등심 주물럭 부드럽고 맛있어요 고기도 직접 구워주시는데 맛잇게 잘 구워주시더라구요! | 정다정(5점): 대체적으로 음식이 깔끔하네요. | 가가드롱(5점): 직원분들이 직접구워주시고
메이차이나,연수구 첨단대로 80,3.9,Patrick Lee (멋짐)(3점): 위생이나 조리방법에 꼼수를 쓰는 집이 아닙니다. 중식인데도 맛이 깔끔하구요. 다만 재료가 고급져야 맛있는 음식일수록 뭔가 들어가야 할게 빠지는 경우가.. 짬뽕이 맛은 있지만 돼지고기가 안들어가서 놀라실 분들 계실듯요..ㅎㅎ | TREE50 LEE(3점): 5000원을 생각해도  평점이하  면은 졸깃합니다  너무양파가  많은 느낌  홍합은  몇개  안되지만 홍합살은  실했네요  하지만  제가  가는 칭따오중국집이랑  넘  차이나네요  모래네 시장가서  짬뽕 한 번  먹어보시길 너무  차이나요 | sung pac(4점): 자장면과 볶음밥이 같이나오는 독특한 메뉴가 있었다. 맛은 전반적으로 괜찮은 편이었다. 다시 먹어볼만 한 메뉴였다. | P JH(1점): 알바인지는 모르겠지만 차돌짬뽕을 시키니 지 손가락을 그대로 국물에 담궈서 서빙해줌 | DH K(3점): 볶음밥과 짜장면을 같이
통삼식당,"연수구 송도동 문화로28번길 28 201동 109,110호",4.3,Daewoo Jung(5점): 와이프의 최애 고기집 | 무풍(4점): 적당한 가격에 식사를. 가성비 좋음. 맛도 준수함 | John Yoon(4점): 고기가 신선하고 맛있어요 | KOO SQUASH(5점): 타이머로 시간을 재며 고기를 구워줍니다. | 김지영(5점): 고기 온도에 맞춰서 사장님과 점원분이 맛있게 구워주십니다.
김종구부산어묵 송도점,연수구 송도동,4.3,"H.C Shin(5점): 깔끔하고 무엇보다 저렴한 가격의 분식집 | Red tree Zx(5점): 여기는 떡볶이도 맛있고 어묵도 싸서 넘 좋아요.  추천드립니다.🤑 | Steven Kang(5점): 어묵한개 오백원하는 깨끗한 분식집 | 데나리온(DENARION)(5점): 어묵과 튀김이 싸고 맛있습니다 2210 | chang sik kim(3점): 떡볶이,순대,어묵 너무 식어있음"
송도324,연수구 송도동 문화로28번길 28 201동 1-107호,4.2,Kang Chris(5점): 드디어 김복남맥주가 송도신도시에도 생겼네요 | the peacers(5점): 기본으로 나오는 샐러드부터 모든 메뉴 다 기본 이상으로 맛있어요. 그냥 믿고 갑니다. | Yuni Kim(5점): 주문한 음식 모두 맛있어요 ㅎㅎ 홍합 스튜?랑 감바스 추천입니당 | 곽용성(5점): 맛집이네요. 주변분들이 인정하는... 감바스 추천 | Daewoo Jung(5점): 피자 까르보나라 맛집이예요. 피자는 페스츄리피자라서 엄청 맛있어요
한가네 숯불닭갈비 송도점,송도동 라이크홈 상가,4.1,"the peacers(3점): 숯불닭갈비 맛있었어요. | Daewoo Jung(5점): 숯불 닭갈비 | ACI(4점): 가게 앞에 흡연실이 있어서 입구 쪽에 흡연하시는 분들이 없어서 좋습니다. | 성스타 (뉴스타만세)(5점): 맛있고 깔끔하고 무엇보다 미역국맛집입니다~~ | 카키쉬(5점): 맛있고, 친절해서 좋아요"
송바돔 라이크홈점,송도동 라이크홈기숙사,3.8,zzeong K(3점): 넓고 깨끗한  곳이에요  삼겹살 맛있네요 갠적으론 솥뚜껑에 김치구워서 먹는걸 좋아하는데 이곳은 구멍뚫린 판이라 아쉬웠어요 | 하수구(4점): 친절하신 사장님과 직원분들! | Samuel Jung(5점): 고기 두툼하고 잘 구워주고 서비스메뉴도 맛있고 양많고 | Nature송언 (참송쯔)(2점): 가게의 첫인상은 서빙하거나 가이드해주시는분들인데 여기  아주머니는 뭐에 화가나있는건지 기분이 전달이 돼니 좋은시간 보내러 왔다가..괜히 왔나싶음. 중간에 나갈수있음 나가고 싶었다. 아 옆집으로 갈껼..약간 후회됨 | Sehwan Park(5점): 고기는 직접 구워주시는데 고기맛이 괜찮음.
다와국밥,연수구 첨단대로 80,4.1,코동(4점): 오랭만에 국밥먹었는데 | 개초보(5점): 부산에서 먹은거보다 맛있었음 | 데나리온(DENARION)(4점): 돼지국밥 맛있네요  20181112 | 이정화 (꽃마리)(4점): 잡내없이 담백했어요 | 황써니 (써니황)(4점): 
버거킹 인천송도DT점,연수구 송도과학로 13,4,"김현중(5점): 키오스크가 설치되어 있어서 메뉴를 고르기도 결제하기도 편리하다. 또한 드라이브스루 매장이라 주차할 곳 없을 때 사오기 편하다. 주차공간은 매우 협소하다. | 해삼(5점): 사람이 많습니다. 이는 곧 인기가 많다는 뜻이죠, 맛도 괜찮고, 서비스도 좋습니다. DT가 있어 차를 가지고 간편하게 주문도 가능하고, 2층에도 매장이 있어 도보로 방문해도 괜찮습니다. | NARU KANG(5점): 주차공간이 적게 나마 있고 드라이브 스루도 가능한 버거킹 매장이다. 비교적 넓은 3층까지 이용가능한 매장이다. 붐비지 않아서 괜찮은 매장이다. | 김광운 (Soccerkim)(4점): DT점이라 주문도 빠르고 차에서 바로 수령가능  바쁜시간에 이용 하기 좋아요 | sconne lemon(4점): 홀은 여유로운편"
"봄의식탁, 반찬을 파는 가게","연수구 송도 과학 로 27 번길 55, 롯데 캐슬 캠퍼스 타운 상가 1 층 D 동 114 호",4,김진규(5점): 맛있어요 | sanghwa jeong(5점): 맛이 괜찮아요 | Seala Hwang(5점): 아쥬아쥬 맛나요 | nd Na(4점): 괜츈 | TAROKI (TAROKI)(5점): 
솥고집 송도트리플스트리트,연수구 송도동 과학로16번길 33-4 123b호 트리플스트리트 D동,4.4,김민규(5점): 일하시는 분들이 친절해서 너무 좋았음. | 하수구(4점): 초벌되어 고기가 나와서 좋습니다. 솥뚜껑에 먹는 고기라서 더욱 맛있구요. | 우정겸이(4점): 메뉴판에 부대찌개개 맛있어 보여 방문한 곳입니다. | S여행지도(5점): 송도에서 술먹기 괜찮은 곳입니다. 장소가 장소인지라 가격이 약간 있습니다. 식사하면서 술먹기 좋습니다. | Dada House(1점): 전반적으로 괜찮은 분위기와 맛.
버커스 프롬 오스틴,연수구 송도동 과학로16번길 33-4,4.2,"제노스피노(5점): 엄마랑 퍼플이랑 아버님이랑 송도 숯불바베큐 맛집!! 버커스 프롬 오스틴 송도 본점 왔어요 | Yijin Kim (Jane)(2점): 한 때 유행했고, 서울에서 나름 유명했던 텍사스식 바베가 그리워지는 맛. | 홈런볼(1점): 주방이 오픈되어서 보이는데 장갑이나 모자들을 쓰지도 않고 요리를 하더라고요 | 장진영(5점): 친절한 응대, 수준높은 음식, 최고의 텍사스음식점 입니다 | 남자Raymond91(5점): 송도 바베큐 검증된맛집. 진짜 고기먹고싶을때 최고입니다"
문가네정육식당 인천송도점,연수구 송도동 176-5 트리플스트리트 D동122호,4,S여행지도(5점): 가게가 깨끗하고 고기가 맛있다. 술마시기 좋은 곳. | Jinhee Park(1점):  | 윤(5점):  | 모다깃비(5점):  | 김정욱(4점): 
99왕돈까스 본점,연수구 송도동 송도과학로16번길 33-4 D동 지하 1층 B124a,3.8,H.C Shin(2점): 가격 저렴한 만큼 고퀄리티의 음식을 기대하긴 힘듦. | 우정겸이(3점): 오랜만에 분식집 맛이 그리워 들려본 음식점입니다. | JAEYOUNG KIM(5점): 옛날돈까스입니다. 왕돈까스에요. 손바닥 두개 합친거 같은 큰 사이즈입니다! | 두더지(1점): 친구들이랑 셋이 가서 각자 따로 먹었는데 당일 오후에 다같이 배가 아파 설사를 몇번씩 했습니다. 개인적으로 느낀 품질은 대학교 학식 돈까스와 비슷합니다. 양은 많습니다. | the peacers(3점): 말그대로 왕돈까스.
팔각도,연수구 9MH6+FR,3,Andrew. H Yang(3점): 닭갈비 2인분을 무조건 주문해야 부속을 주문할 수 있다는게 별로. 맛은 배고플 때 먹어서 맛있긴 했는데 | 호우호우(5점): 정말 다 맛있어요!!! | 최태림(1점): 숯불 아님 번개탄 ㅠㅠ | Sean Lee(3점): 전반적으로 좋았습니다. | Bakabon Foodie(4점): 한국 닭철판구이 & 닭망구이 팔각도입니다.
니뽕내뽕 트리플스트리트점,연수구 송도동 과학로16번길 33-4 D동 지하 1층 B124b호 트리플스트리트,3.6,Guadi K(1점): 포장 주문을 했더니 매번 태뽕을 주문하면 차뽕을 포장하는 진짜 기가막힌 서비스. 몇번을 태뽕이라고 말하고 받을때도 태뽕 확인 받고 집에와서 보면 차뽕. 이쯤 되면 주방직원이나 카운터 직원들  문제아닌가? 그래서 전화하면 가지고 오면 환불해준다니... 왔다갔다 진짜 귀찮아 먹는데 오너가 가게 없는 곳은 이런게 문제인가보다 | 김연정(3점): 써브웨이 가려다 건너편에 니뽕내뽕이 있어서 들어갔어요.지인이 맛있다고 추천한집이었거든요. 개취인데 전 그냥 그래요. 별 특별한 맛은 아니었답니다. | JW B(2점): 차뽕 1단계 신라면 정도의 매움 | 성스타 (뉴스타만세)(5점): 여전히 가성비좋은 세트메뉴 | 클로이(4점): 맛이 싱겁길래 말씀드렸더니 양념을 하나 빼먹엇다고 다시 해주셨어요...
맘스터치 트리플스트리트점,연수구 송도동 과학로16번길 33-4 D동 지하1층 트리플스트리트,4.1,오렌지나무(5점): 쇼핑몰에 있고 공연장 바로 옆이라   야외에서도 먹을수 있어  코로나로 매우 적합한 매장 이예요.  뜨끈한 치킨살 패티로만든  햄버거  너무 맛있어요.  내가 가본 타지역  맘스터치보다 맛있다는 생각에 햄버거 안좋아하는데  이곳 햄버거는  끌려요. | 일상남(4점): 주문후 바로 조리해주어 음식의 퀄리티가 훌륭함 | 스웬(4점): 언제나 평타이상정도는 하는 맘스터치!! | han jk(4점): 매장 넓음. 사람 개많음. 따라서 음식나오는속도 개느림. 하지만 알바생이 쪼로로 뛰어 나와서 친절하게 사과하고 사과해서 인정. | JiWhan Oh (Daniel)(4점): 주문받고 조리를 시작해서 버거와 너겟 모두 따뜻하게 나와서 너무 좋다
고래감자탕 트리플스트리트,지하 KR 인천광역시 연수구 인천 연수구 송도과학로 16번길 33-2 b203 b310b 고래감자탕 트리플스트리트 3층,3.6,tae young lee(4점): 2024.02.20 | 정윤식(4점): 프랜차이즈 감자탕집으로 맛도 누구나 좋아할 맛으로 무난무난 합니다. 매콤한줄 알았으나 하나도 매콤하지는 않네요. 여튼 맛은 괜찮습니다. 한끼식사로 충분합니다. | 호치민 오치HCM RIDER(4점): 친절한 사장님 배려 | 윤영근(4점): 점심시간에 자주가는 집 중 하나인데요. | 박욱진(4점): 191025 방문
호랭이곳간 트리플스트리트점,연수구 송도동 과학로16번길 33 3 C동 지하2층,4,박진희(4점): 송도 맛집 찾다가 알게된곳 | Flynn(5점): 주말 점심시간에 방문했고 10분정도 대기했다. 면은 생각보다 별로였고 고기가 맛있었다. 음식은 전체적으로 짜다. | 두더지(4점): 밥이 주인 식당이 별로 없다는 점에서 추천드립니다. 가격도 사실 싼건 아니지만 주변 상권에 비교해보면 비싼건 아닙니다. 맛도 먹을만하고 직원분들도 친절합니다. 간장제육 추천드립니다. | K로드(4점): 야채는 신선하고 깔끔해요 | JY Park(2점): 점심에 비빔냉면 곱배기 및 우삼겹 세트를 먹었습니다.
플래터7,연수구 송도동 과학로16번길 33 3 C동 지하2층 플래터7,3.7,"우정겸이(4점): 크리스마스에 식사를 위해 방문한 곳입니다. | 죠히(3점): 양은 서가앤쿡, 맛은 상위 버전 | goyo han(4점): 전에 ㅅ식당이 있던 자리입니다. | 박시연(4점): 바지락 양 장난아님. | 김형규(1점): 여기 정말 별로였습니다."
써브웨이 인천송도트리플스트리트점,연수구 송도동 과학로16번길 33-3,4.3,설(4점): 대체로 청결하고 깔끔한 실내가 인상적이었습니다. 주문받는 직원이 굉장히 친절했고 주방에 계신 이모님도 밝은 얼굴이셨습니다. 다만 내부 테이블수가 상당히 부족해 보였습니다. | SJ LEE(4점): 써브웨이를 갈 때마다 항상 같은 메뉴를 주문하는데 지점마다 맛이 다른건 신기한 일입니다. 트리플점은 소스를 샌드위치 테두리쪽에 둘러주었는지 밖으로 새어나오는 소스가 많아서 일부분은 그냥 소스가 없는 빵과 야채를 먹는 기분이었어요...지난번에 직원교육 하는 것을 주문하다 볼 수 있었는데 그 때 소스를 샌드위치 안쪽에 바르라고 가르쳐주던데... 그래도 재료들은 모두 신선하였기에 별4개입니다. 서비스는 특별한 점 없었지만 홀 같은 경우 좌석이 꽤 넉넉해서 혼밥하기에도 여유있었어요. 창 밖으로 트리플스트리트의 야외공간이 보여서 속이 탁 트이는 뷰입니다. | BOKHA CHOI (보리밥)(5점): 프리마켓 하고 있네요 | Jinijiny(5점): 알고있는 섭웨이 그맛 | Katie Kim(2점): 샌드위치는 맛있었는데 세트로 고구마칩을 시켰는데 뭉탱이로 데워주셔서 어느 부분은 하나도 데워지지가 않고 엄청 차가웠어요.. 그래서 다시 데워달라했는데 이번엔 태워서 주셔서 거의 반은 버렸어요 서비스가 너무 아쉬웠어요 그리고 죄송하다는 말 한마디도 안하셔서 좀 그랬어요
마루,연수구 송도동 176-1,3.6,"이성민(5점): 만두 속은 정말 알차고 육즙이 찰찰 나오네요 연어덮밥은 정말 신선해서 맛을 느끼기에 정말 좋았습니다 반찬으로 나온 깍두기 그리고 국물 역시 조화롭게 먹을 수 있어서 너무 좋았구요 깔끔한 맛에 좋은 품질 매우 만족해요 :) | bommama(1점): 맛없는거 둘째치고 | Byeongjin Jay Yang(2점): 점심에 23,000원짜리 정식을 먹었는데 연어가 넘 비려 못먹었습니다. 주방장님 말씀은 간이 덜 되었다고 하셨는데 사과 한마디 없으셔서 기분이 언짢았습니다. 식사 후반부에 다른 스시를 주시긴 했지만 역시나 '감사합니다' '죄송합니다' '안녕하세요' 이런 기본적인 서로간의 예의있는 말이 더 중요하단 걸 알아주셨으면 좋겠다 | Seungwoo Shin(2점): 탄탄면과 우동의 육수가 진하지 않고 먼가 밋밋합니다. 가격도 낮추고 음식질도 낮춘듯 비추합니다. | Kim엘리사(3점): 좀 평범합니다. 맛도 나쁘지 않고 직원응대 서비스 좋습니다."
33떡볶이 송도글로벌캠퍼스점,연수구 문화로28번길 27 2동 103호,3.9,Kano Lee(1점): 사장님이 불친절해서 다시는 안 가려고요 | Jinijiny(5점): 깔끔하고 맛있는 떡볶이집!! 내부가 좀 좁아서 먹고 가기엔 부담이 있읍니다 | Whistle Master Kim(5점): 매장이 깔끔하게 운영 잘되고있고 무인주문기가있어 메뉴선택시 편리합니다. | 성스타 (뉴스타만세)(5점): 프렌차이즈중 좋아하는 떡볶이집입니다 | 김찬기(1점): 여기 젓가락 원형에 미끄러워서 진심 떡볶이를 집을수가없으니 사드시는분들 참고하세요 개혈압터집니다
돈까스 브로스(BROS) 송도점,연수구 207-3 라이크홈 레지던스 111호,4,"서창용(4점): 돈까스가 돈까스인 제대로 된 맛집. | Kyungsu Yoon(5점): 일번적으로 흔하디 흔한 얇고 큰 왕돈까스가 아닌 두툼한 생등심 돈까스입니다. 고기가 두툼해서 씹는 식감이 좋고 소스의 베이스도 간이 너무 쎄지 않아서 맛있게 먹을 수 있었습니다. 크림돈까스도 부드러운 식감이 참 좋았고 기본 제공하는 스프 맛도 직접 만드시는지 고소하고 맛있었습니다. | 김진회(4점): 먹다보면 느끼해지는 돈까스가 아닌것 같습니다. 전반적으로 맛있어요, 근처 공사장 및 사업장들이 많아, 데이트코스 보단, 만족스런 한끼먹는곳입니다. 테이블오더 가능하며, 뒷편으로 주차장있어요. | Kelly Kim(5점): 우리가 주문한 반반메뉴가 잘못나와 2개의 메뉴로 대체해주심.맛도 플레이팅도 좋음!! 여기서 먹은 영수증을 바로 옆 HARU CAFE에 보여주면 음료10%할인~ Gooooood | J A(4점): 2020-09-23"
용호동낙지 인천송도점,연수구 송도동 과학로16번길 33 3 B2,3.6,Seokchan Han(4점): 수요미식회에 나와서 | 김민규(1점): 일단 맛 자체는 평범했습니다. 굳이 찾아 갈정도는 아니고 근처 갔을때 낚지가 생각나면 고민할 정도. | 김현중(5점): 주문시 맵기 강도 선택하라는 센스만 있었어도 좋았겠지만 굉장히 맛나는 집~! | 김미미(5점): 낙곱새맛있었음 얼큰하니 한국사람들이좋아할맛 서비스도 괜찮음 | DD P(2점): 다른 지점에 비해 조리 과정에서의 직원 서비스나 기타 제약이 많습니다. 용호동 낙지를 또 가긴 할것같은데 송도점은 분위기 및 지점방침이 너무 불편해서 발길이 가지 않을 것 같네요.
샤오바오우육면,"연수구 송도동 176-1 송도 트리플스트리트C동 지하 1, 2층",3.7,"JAEYOUNG KIM(4점): 우육면 도삭면입니다.  ’우육면‘과 ‘우육면 도삭면’ 차이 물어보니 면 차이만 있다고 하네요. | JY Park(3점): 평일 점심시간에 우육면, 마라 오이, 마라 수육을 먹었습니다. 맛은 전반적으로 무난합니다. 다만 우육면은 너무 현지화시킨 맛이라 우육면이라기 보단 마라향이 나는 국수가 좀더 정확한 표현 같습니다. 마라오이도 중국식 오이무침에 마라향을 약하게 입혔고, 마라수육은 오향장육과 비슷하지만 소스에서 팔각이나 회향 등 오향은 느낄 수 없구요. 마라, 간장 및 설탕 맛 소스를 수육에 적셔먹는 맛 이네요. | 허준호(4점): 맛있습니다... 하지만 트리플 스트리트에는 다른 음식점도 많고 맛+양 대비 금액이 좀 높아 약간 아쉬워 4점. | 타쿠마(5점): 샤오바오우육면 깔끔하고 자극적이지 않아 호불호 없이 즐길수 있을것 같네요, 곱배기 양 많고 면 도삭면과 일반면 선택 가능하구요. 가지만두 함께 추천드립니다. | 우정겸이(3점): 유명한 체인점 이라길래.방문해 봤습니다."
뱅 루즈,연수구 송도동 과학로16번길 33-3 C동 2층 218B호 트리플스트리트,4.3,"혜지김(4점): 브런치 먹으러갔는데 가게도 넓고 아기자기하고 좋음. 에그베네딕트는 햄/베이컨/훈제연어 선택 가능해서 연어로 먹었고, 오늘의 리조또는 포크(느낌엔 장조림같은 고기) 올라간 매운 리조또였음. 에그베네딕트랑 리조또 모두 아는 맛이라 무난하게 먹을 수 있었음. 재료들 밸런스가 잘 맞았고 무엇보다 커피가 맛있었음. 커피잔도 너무 예쁨.. | 비나(5점): 브런치로 에그베네딕트(연어선택), 빅블랙퍼스트, 찹스테이크 로제파스타 3가지 주문했는데 플레이팅도 예쁘고 맛도 굿굿이었어요👍🏻👍🏻 특히 에그베네딕트가 진짜 맛있었습니다🙊❤ | Kyu-Seok Chae(5점): 맛있었습니다. 전체적으로 부족함 없는 맛이었습니다. 가게 분위기도 나쁘지 않았습니다 | WONSEOK SEO(4점): 넉넉한 양의 브런치. 기분 좋아지는 인테리어. 브런치 땡길때 종종 방문합니다. | GWT Lee(5점): 찐양식 맛집. 모든 메뉴들 맛이 일품. 코키지도 가능합니다."
토요켄,송도동 과학로16번길 33 3 C동 1층 122호,4.1,Sean Kim(4점): 토요켄 오마카세 구성 아주 훌륭하고 갓포쇼 자주 애용하던 1인으로서 문쉐프님의 음식을 토요켄에서 우연찮게 다시 접할 수 있어서 너무 좋았습니다~! | William Leau(4점): 새로 생긴 스시집입니다. 외관도 훌륭합니다. 내부도 크고.. 좋네요. 테이블석도 충분히 있고 카운터석도 있습니다. 가격은 저렴한 편입니다. 제일 중요한 맛은 ... 좋았습니다. 등푸른 생선 특유의 비린내도 하나도 안나고 .. 맛있게 먹을수 있습니다. 전복을 삶았는데 너무 부드럽고 맛있게 삶았습니다. 샤리의 양도 너무 과하지도 너무 적지도 않게 적당하고 좋습니다. | 이수민(4점): 한번쯤은 갈만한곳이예요 맛있고 고급스러워 좋았어요 | Minho(4점): 훌륭한 음식수준에 비해 접객은 좀 떨어짐 | 김무형 요셉(5점): 디너 맛있어요. 디저트 진짜 끝내줍니다
화화쿵주 마라탕 송도점,연수구 송도동 과학로16번길 33-3,4.3,"라랄라(5점): 땅콩소스맛 나는 진한 국물 짱맛.. 마라샹궈에 무한리필 공기밥과 구운 땅콩 곁들여 먹으니까 넘 맛있었음. 집 근처에 있으면 좋겠다.... 꿔바로우도 맛있었고 소자인데 제법 양 넉넉했음 | 죠히(4점): 송도에서 제일 괜찮은 마라탕집이다. | Dragon New(5점): 마라탕 경험해 본 중에서 가장 맛있는 집인것 같아요. 송도 트리플스트리트에서 남녀노소 구분없이 좋아하는 마라탕 식당입니다. 평일저녁 및 주말에는 대기하여야 하고, 직원들 친절하고 마라탕 재료 신선하며 깨끗한 식당입니다. | 강석훈(5점): 꿔바로우는 좀 달지만 쫄깃쫄깃 맛있고 마라탕은 베이스 국물이 맛있음 | 이주언(4점): 요구르트서비스로 나옵니다. 마라탕 가격대는 비싸지않은 가격입니다."
아오리의행방불명 송도점,연수구 송도동 과학로16번길 33-3 C동 104호 트리플스트리트,4,Kensa(4점): 가격이 조금 비싸요. | jeongmin Kim(1점): 구설수싹빼고 그냥 라멘좋아해서 갓다. 면익어서 나오지도 않았고 면비린내 나고 국물은 그냥 고기스프 풀은 맛에 인위적인 우유맛남 차슈는 물에빠진 수육맛. 불맛없음 식감빳빳한 종이같음. 간장계란밥은 밥에 윤기도 찰기도 간도 없고 볶은고기랑 따로 놈. 송도점 덕분에 충격의 점심이엇다.. 안타깝.. | NeoArch(4점): 가격은 좀 세지만 안정적인 일본 라멘 맛을 보여주는 곳. | 장권(4점): 이제는 전국에 얼마남지 않은 아오리라멘. 가격도 예전에 비해선 많이 오르지 않아 괜찮고 맛도 좋음. 다만 계란을 기본구성으로 포함해주지 않는점은 아쉬움. 분위기는 압살이다. 혼밥좌석이 많지만 다닥다닥인 느낌이 있는 편. | Eddie Choi(4점): 처음 가봤는데 아오리 라면 맛 괜찮다. 사이드메뉴도 괜찮고.  승리야 그냥 라면에 집중하지 그랬어. ㅋㅋ
돈블랑 인천 송도 트리플스트리트점,연수구 송도동 과학로 16번길 33 3 C동 1층 트리플스트리트,4.3,"MEM(5점): 트리플스트리트에 위치한 돼지고기 구이전문점입니다 | 김무형 요셉(5점): 순댓국은 품절이라 못먹어봤어요. | 이선화(4점): 회의 후 저녁식사~ | 지피지기919(5점): 이동국 추천 맛집으로 유명하고 특히 짜장면이 맛있네요 이동국 가족들도 자주 방문하고 인근의 이동국 FC에서도 많은 사람들이 방문합니다. 주메뉴인 숙성삼겹살과 특수부위들도 맛있습니다. 짜장면 외에도 후식으로 비벼국수, 된장죽 추천합니다 | 련릉로렁(5점): 항정살에 갈빗살 먹었는데 여기 고기 맛집이네요 부드러운게 육즙은 가득하고 넘 맛있어요 ㅠㅠ 식사메뉴나 사이드 메뉴도 많아서 푸짐하게 먹고왔네요 내부도 쾌적하고 다들 친절하세요 ㅎㅎ"
Kokoro Bento 코코로벤또 송도트리플스트리트점,"인천광역시 연수구 송도과학로16번길 33-3 송도 트리플스트리트 B동 지하 2층 Songdo-dong, Yeonsu-gu",4.2,뚝딱뚝딱(5점): 메뉴 : 챠슈벤또(위) 연어장정식(아래) | Taeyeun Won(5점): 몇일 전 점심에 여자친구와 다녀왔습니다. | 박욱진(4점): 191120 방문 | 이인표 (지뢰맨)(5점): 좌석수가 적고 매장 내부가 좁은 편이지만 음식은 만족스러웠습니다. | Co Jutm(1점): 소스에서 쉰맛남 거기에 양도적고 가격은 창렬임. 추가로 손님들이 들어가는건 대기명단 순인데 그냥 들어가서 앉아도 직원은 절대 제재를 않함
포플러스 한우쌀국수 송도점,연수구 송도동 과학로16번길 33 트리플스트리트 3C동 지하 2층,4.8,JAEYOUNG KIM(5점): 직화소고기 쌀국수 주문했어요 | 전형숙(5점): 트리플 스트리트c상가 지하 푸드코트에 | K로드(5점): 쌀국수 (매콤)은 약한 매움 정도이고 | Dragon New(4점): 송도 트리플스트리트 몰에 있는 지하 식당가에 있음. 한우쌀국수와 볶음밥 이외에 다양한 동남아 음식을 맛볼수 있음. 주말에는 많은 손님으로 웨이팅 필수임. | 장용운(5점): 가성비와 맛 모두 만족합니다.
제주메밀,연수구 송도1동,4.3,홍누리(5점): 비쥬얼도 갑 ! 맛도 최고 ! | 이서현(5점): 비비작작면드세요 그게 냉면보다 맛있음 | Seungbae Sim (Crayon)(5점): 제주에 본점이 있는 메밀 전문 음식점 | Sean Kim(1점): 망해서 없어졌어요 | 뒷산좋아(5점): 맛있음 양도 좋고
상상첨,연수구 송도과학로16번길 33-3 C동 2층,4.9,"아로미취미생활(5점): 훠궈 후기 | 최수열(5점): 2. 재료 신선도 | 俞蘭（Lani）(5점): 꼬치 훠궈 촨촨향을 맛볼 수 있는 곳이 있다고 하여 인천 트리플 스트리트에 위치하고 상상첨에 방문했습니다. 레스토랑 앞에 도착하니 벌써 마라 냄새가 솔솔, 꼬치는 50가지 종류가 준비 되어 있고, 하나에 500원 밖에 안하는 가성비 갑 찐 맛집이었어요 ☺️ | 바닐라라떼(5점): 인생 첫 훠궈 마라촨(꼬치훠궈)을 맛보았는데요 토마토탕과 백탕으로 초이스! 백탕은 야채와 토마토탕은 각종 꼬치와 조화롭게 먹기 너무 좋았어요 매장도 깔끔하고 넓어서 편하게 식사할 수 있는 분위기인점도 좋았답니다 트리플스트리트 찐맛집이에요~ 재방문 의사는 무조건이에요 ^^ | 이정아(5점): 훠궈가 먹고 싶어서 찾아갔어요! 꼬치종류도 다양해서 골라먹는 맛이 있고! 재료도 신선해서 맛있게 잘 먹었습니다! 훠궈가 먹고 싶은 날에는 찾아올 거 같아요! 직원분들 친절하시고 주차도 편했어요!"
코코스키 송도트리플점,연수구 송도과학로16번길 33-3 C동 2층 203호,4.7,"김성민(5점): 이색 이자카야인줄 알았는데 음식까지 맛있어버리면 단골이 되어버렷,,! | 곽인호(5점): 여기 일본아닌가요? | 노영미(5점): 와~~ 일본여행 와서 마치 현지에서 오코노미야끼와 야끼소바를 먹는 느낌입니다. 일본 현지보다 맛있는 오코노미야끼 맛집이예요. 그리고 스키야끼 정말 맛있게 먹었습니다. 계란에 찍어서 먹으면 제맛이죠ㅎㅎ | Glenn Kim(1점): 후기는 다 알바인가? 집앞에 신장개업이라 가봄 | 조지연(5점): 대박~~"
히노아지 트리플스트리트점,연수구 송도과학로16번길 33-3,3,"이하나(4점): 탄탄멘 정식 13,500원 / 카라미소라멘 정식 13,500원 | 박찬형(3점): 라면 양이 많아요 | HYOUKSOO “BridgeMaker” KIM(4점): 송도 트리플스트리트D동 지하2층 식당가. | 이우진(1점): 40분동안 기다리고먼저주문했는데 | 김영호(4점): 탄탄멘 정식 먹을만하네요"
Oakwood Premier Incheon,연수구 Yeonsu-gu Conventia-daero 165,4.5,"양양(4점): 크리스마스 와인 무제한. 세미뷔페&스테이크.랍스터 | Jacky E(3점): 레지던스형 호텔이라서그런가 객실은 넓은 편이고 룸컨디션도 깔끔하고 좋았음. 마트도가깝고 왠만한 조리도구들도 다있음. 아기용품으로 가습기,공기청정기,아기침대,침대가드,아기의자가 있음. | 이서우 (Nylon)(5점): 송도에서 위치도 너무 좋고 거의 무조건 고층 객실이라 너무 좋았어요 서비스도 좋았고 칫솔이나 이런건 일회용품 규제때문에 없긴해서 아쉬운데 호텔에 거실이 있다는게 가족단위로 와서 쉬기 좋은 것 같아요 | TaeWoo Kim(4점): 지금까지 묵었던 호텔 중 가장 높은 51층에 방을 주셨다. 경관 좋고 방도 좋은데 에어컨에 약간의 문제가 있었다. 가족들이 함께가서 간단한 요리도 같이 해 먹으며 지내기 딱 좋은 호텔이다. 장기 투숙자에게도 정말 편한 호텔같다. | Woojin Shim(5점): 인천 송도에  있는 전망좋은 명품호텔입니다."
송도센트럴파크호텔,연수구 테크노파크로 193,3.9,Dongho Park(4점): 인천공항 갈때 이용 | 이정현(3점): 조식은 전체 5점 만점에 -5점... | Flora Kim(4점): 객실: 가격 저렴 대비 넓고 뷰가 좋음. 화장실이 좀 관리가 안된 느낌 | 김수정(5점): 공원뷰로 고층객실로 선택하였습니다. | Red tree Zx(5점): 센트럴파크 호텔은  방이 옛날느낌이 나서 느낌이 그냥... 자연스러운 느낌입니다🎑
리마우,연수구 인천타워대로 257 아트포레 C동 216호,4.6,"Mono Lee(5점): 망원동 인도네시아 음식점 장화신은고양이 ㅡ 락사 주문 | JS Park(5점): 이전에는 프렌치 음식 전문점이었는데, 이번에 인도네시아 음식점으로 바뀌었네요. | SuIn Park(5점): 유럽 그 어느 곳보다도 괜찮은 망원의 1인 셰프 레스토랑. 가격마저 너무 합리적인 곳!!! 특히 오리고기를 다룬 메뉴들이 굉장하다. 그 중 최고는 오리가슴살 스테이크로 꼭 한 번 드셔보시는 것을 추천! 아담한 매장과 어울리는 음악&요리가 있어 와인과 함께 식사를 드신다면 더 맛있게 먹을 수 있지 않을까 싶은 곳! | R(5점): 프랑스에서 먹은거보다 맛있다 진짜 강추. | Choi adrien(5점): 대한민국에서 동남아의 대중음식 ""락사""를 유일하게 먹어볼수 있는 곳입니다."
수라,연수구 테크노파크로 200,3.8,MEM(3점): 경원재 햄버서더 내에 있는 한식코스요리식당입니다 | C PARK(3점): 어르신 생신이라 식사를 다녀왔어요. | mini kim(4점): 누군가는 식사 가격에 만족하지 못할수도 있겠지만 정성 가득한 다양한 음식을 천천히 음미하면서 먹는거에는 한정식이 답이다. | 김삼복(5점): 68천원 9첩 먹었는데 구성도 맛도 좋아요! 친절하시고 설명도 잘 해주시고 분위기도 좋네요. | carl hong(5점): 한식을 기본에 충실히 잘 하는 곳 같습니다. 주메뉴 2개에 디저트 정도를 두명에서  튀김같은 단품메뉴 추가하시면 10만원 정도로 드실수 있어요. 파인 다이닝처럼 화려하진 않지만 적당한 간에 기본에 충실한 한식으로는 추천합니다.
엘케이뉴욕랍스터,연수구 아트센터대로 131 커낼워크 여름동 202호,4,남은정(5점): 회가 식감이 아주 좋았어요. 에피타이저로 나오는 소면은 에피타이저보다 구이와함께 먹으면 좋을것같아요 | 박세은(3점): 자리가 협소해요. 후식도 종이컵에 매실차 나오고 인당5만원짜리 치곤 실망스러웠어요ㅠㅠ 가재만 맛있었어요! | 최예슬(4점): 어버이날때 모시고감 | 친절한부동산언니(2점): 티몬 쿠폰으로 갔는데 딱!그저렴한가격의 맛 | 신동훈(5점): 큰 부담없이 랍스터를 즐길수 있는곳 몇개의 지점이 있지만 서울에는 없고 인천지점에서만 버터구이가 있는데 가격대비 만족합니다.
버거킹 인천송도센트럴파크점,"연수구 센트럴로 동 1층 118호, 119호, 120호, 134호 194B",3.8,달빛조각사(3점): 손님이 많긴 했지만 그걸 감안해도 햄버거가 나오는데까지 너무 오래 걸림 | 박시온(4점): 센트랄파크 이용시 아이들과 간단한식사하기좋아요. 그런데 테이블이랑 의자가 고장났더라구요. 아니 고장이아니라 수리한듯한 좀낡아보이지만 햄버거집이니까. 테이블도 직접잘닦아드심됩니다. | An Tony(4점): 직원들 친절최고. | Glass Bottle(2점): 커피랑 안 어울리는 건가 보기 드물게 햄버거가 별로였음.. | HYOUKSOO “BridgeMaker” KIM(4점): 센트럴파크에서 가장 가까운 버거킹.
국제경양식,연수구 센트럴로 194,3.8,"JM KIM(5점): 본 건물 지하주차장에서 게이트 3번을 이용하면 어렵지 않게 국제경양식을 찾아올 수 있고, 계산 시 말씀드리면 차량등록을 해주시며 2시간 무료 주차 가능 | 김현중(2점): 분위기는 좋았다. 사장님도 친절하셨다. 식전빵도 맛있었다. 여기까지가 장점. | Kyutae Jo(4점): 요즘 평이 좀 안 좋은 거 같은데... 그래도 후추향 확 나는 돈까스와 잘 삶아진 당근... 스프와 빵까지 옛날 느낌 나게 맛있게 먹고 나오는 집이다. 물론 가격대는 만만치 않긴 하다. 사실 악평의 대부분은 가격 때문 아닐까...ㅎㅎ | 싱글까마귀(3점): 옛날 방식을 고수 하고 있어서 추억을 떠올릴수 있지만 맛은 | 김스티브(4점): 지하 주차장 2시간 무료. 식당은 건물 2층에 위치해 있는데 찾기 좀 애매함. 돈까스(1.3만원)는 맛있고 사장님 매우 친절하십니다. 3-5시 브레이크 타임이에요."
버거룸181,KR 인천광역시 연수구 송도2동 센트럴로 160 센트럴파크 푸르지오 파크게이트 상가 A동 2층 228~230,4.2,"Seoha Yi(3점): 요즘 전체적으로 수제버거의 퀄리티가 올라서인지… | AJ's studio(5점): #수제버거 맛있게 잘 만드는 곳. 고기패티도 촉촉하고 부드러워 녹아내린 치즈와 밸런스가 잘 어울린다. 다양한 #크래프트비어 를 맛볼 수 있다. 센트럴파크3차 상가 2층에 위치하여 센트럴파크 산뽀후에 버거와 맥주로 주전부리 삼으면 좋을듯. 가격은 높은 편이지만 맛으로 충분히 상쇄가능. | Puzzle Song(5점): 주차 가능합니다. 휴일엔 주변 도로변에도 주차는 가능 한것 같고요. 상가 주차구역도 있습니다. | 두더지(3점): 건강한 수제버거 느낌이었습니다. | flyinglee(4점): 220706 수 저녁 8시 30분 방문. 9시 30분까지 식사가능이고, 안에 손씻는 곳 있어서 수제버거 먹기에 편리했어요. 181더블패티, 칠리 기본패티세트시켜서 27000원."
우만당,연수구 아트센터대로 222,4.4,"1 2(5점): 둘이서 점심쯤 방문하여 리소또와 샐러드, 라자냐를 시켜 먹었습니다. 음식 맛 좋고 무엇보다 편안한 느낌에 분위기가 너무 좋았습니다. 재방문 의사 있습니다. | Sun Ae Yun(5점): 송도 아트센터 안에 있는 식당이라 주차 편하고  쾌적합니다.  밥을 먹고 가서 메인 음식을 안 먹어 봤지만 맛있어 보였어요~ | 서지혜(5점): 친절하신 사장님 및 직원분들이 '사장님~' 하면 일동 '예!' 하시며 가장 가까운 분이 얼른 달려오십니다. 파스타도 피자도 양이 많은데 신선하고 맛있습니다. 크림스파게티 소스가 특히 넉넉해서 맘에 들었습니다. 피자는 직사각형이란 특징이 있고 도우가 밀도가 낮고 폭신해서 부드러운 빵 느낌입니다. 비주얼은 좋지만 치즈가 더 올라가서 늘어졌으면 하는 아쉬움이 있네요. 가장 매력적인 점은 가성비입니다. 성인 4명 각 맥주 1잔 소인 4명 에이드 2잔과 함께 식사했는데 11만원 조금 넘었어요. 가성비 좋고 신선하고 친절하고 바로 앞은 넘실거리는 호수 뷰 산책로가 있어요. 다음에도 오고 싶네요. | suzi jeo(5점): 직원들이 매우 친절 했고 | 코다(4점): 송도가면 가끔 가는 곳ᆢ가성비가 좋고 주차가 완전 널널해서 엄마들 모임에 종종 가는데 이번엔 음식이 내입엔 그닥이었다."
리저브9,"KR 인천광역시 연수구 인천타워대로 257 아트포레 C동 201, 202호",4.5,"양양(5점): 2인세트에 꽃등심으로 선택했습니다. | Jiwon park(5점): 송도에 있는 분위기 좋은 레스토랑 | 두더지(5점): 런치로 먹었었고, 가격에 맞는 품질과 서비스 제공을 해줍니다. 개인적으로 모든 메뉴 맛있게 먹었습니다. | Yujin Jo(4점): 분위기 내기에도 좋고 음식도 너무 맛있습니다. 웰컴드링크 나옵니다. 그리고 음료 중에 무알콜 모히또도 있습니다. 스테이크가 상당히 맛있었습니다. 홀그레인 머스타드와 겨자 소스 함께 준비해주십니다. 주차 2시간 무료입니다. c동쪽에 주차하시고 2층으로 올라오시면 됩니다. | Adela H(4점): 4인 세트 메뉴로 주문하고 티본스테이크는 안된다하여 토마호크로 주문했어요. 두가지 파스타 다 입맛에 잘 맞아서 맛있게 먹었습니다."
Must Win BBQ & CHICKEN,"연수구 인천타워대로 257 아트포레 108호,109호",5,"Chandler W(5점): 훌륭한 음식을 제공하는 아늑하고 깨끗한 장소. 우리는 인천에서 단 하룻밤을 보내며 프라이드치킨과 한국식 바비큐 중에서 고민을 하고 있었습니다. 이 곳은 우연히 두 가지 옵션을 모두 제공하게 되었고, 우리는 두 가지를 모두 시도해 볼 수 있어서 기뻤습니다. 프라이드치킨의 양은 2인이 먹기에 넉넉했고, 주문에 BBQ 삼겹살도 추가했습니다. 두 요리 모두 신선하고 맛있었습니다. 게다가 영어 메뉴도 있어서 외국인인 우리도 의사소통이 편했어요. 적극 권장됩니다. | Andy Johansen(5점): 한국식 프라이드치킨을 먹으러 왔는데 결국 테이크아웃으로 주문하게 됐어요. 직원들은 매우 친절하고 환영합니다. 치킨은 정말 맛있었고, 양도 개인적으로 기대했던 것보다 컸어요. 다시 인천에 가게 된다면 꼭 여기서 다시 머물고 싶습니다. | Katrina Baza(5점): 훌륭한 음식. 훌륭한 서비스. 직원들은 매우 환영하고 친절했습니다. 우리는 한국을 방문하는 동안 여러 번 돌아갔습니다! | 동민김(5점): 마을 최고의 치킨집이자 분위기도 최고입니다. 멋진 경험을 해주신 Leo에게 감사드립니다!! | Andy Barney(5점): 음식은 훌륭했습니다. 직원들은 매우 친절하고 세심했습니다. 당신은 잘못 갈 수 없습니다. 내가 그 지역으로 돌아간다면 꼭 다시 들를 것입니다."
해밀락,연수구 인천타워대로 257 D동 103호 아트포레,4,"Yijin Kim (Jane)(4점): 돈숄더랙, 통가브리살, 낙지순두부찌개 | Jason “SB” K(5점): 최근 먹어본 돼지고기 중 가장 맛있게 먹었네요. | zzeong K(3점): 센팍 공원을 바라보며 맛있는  고기를  음미해요 | 쿨허니TV(4점): 돼지고기 전문 해밀락 추천합니다 | JK Jung(4점): "
듀공 송도점 DUGONG SONGDO,연수구 인천타워대로 257 아트포레 C동 206호,4.8,"Suae Choi(5점): 두유아이스크림이라 생소한데 맛있어요^^ | salt Kim (kimsalt)(5점): 맘에 쏙 들어양 | Marco D'Elia(5점): 훌륭한 비건 아이스크림 가게. | Ainhoa San Vicente(5점): 비건 아이스크림, 모찌, 검은콩 라떼, 심지어 베이글까지! 아침이나 오후의 간식/디저트로 좋습니다. | J(4점): "
예술미미,연수구 인천타워대로,4.2,"콩순맨(4점): 금요일 저녁에 갔는데 기본짬뽕이 정말 맛있었습니다. 매운걸 별로 잘먹지 않는데 과하지 않게 적당히 맵고 해물도 많이 들어가있었음. 짬뽕 먹고싶을때 또 갈 예정. 짜장면 군만두도 맛있었는데 일반적인 맛이었음. | 一拳超人 일권초인 one punch man(5점): 짜장, 짬뽕, 인절미 탕수육 먹었어요. | J BLUE(5점): 서비스는 그냥저냥 | 무풍(3점): 먹을만합니다. | 황써니 (써니황)(4점): "
앨리스피맥,연수구 인천타워대로 257,3.8,"한주영(4점): CYC 간단히 피자와 치킨, 그리고, 맥주한잔 하기 좋은 곳. 전반적으로 무난한 식당. | 남극펭에빼어날수(4점): 가족끼리 공원왔다가 식사하기 좋은곳 | Greg T(4점): 터미널에서 식사를 주문할 수 있는 트렌디한 작은 피자 가게입니다. 현재 오후 4시부터 6시까지 진행되는 해피아워 프로모션은 단돈 9900원에 3가지 피자를 맛볼 수 있는 훌륭한 가치입니다. 서비스는 효율적이었습니다. 피자는 뜨거웠고 닭 꼬치는 품질이 좋았습니다. | ali altubaikh(2점): 근처에 있기 때문에 이 레스토랑을 방문합니다. 일주일이 되기 전에 먼저 파스타를 먹어봤는데 좋았고 마늘 빵을 요청했는데 마늘 맛이 나지 않고 옆면이 타는 데다가 설탕도 안 들어요. | 황써니 (써니황)(5점): "
진허우 송도 아트포레점,"C동 2층 C-220호, 아트포레, 84-2 송도동, 연수구",3.9,성스타 (뉴스타만세)(5점): 가끔 보통의 중국음식이 질리실때 가보느시면 좋을듯합니다 | 김동수(3점): 송도에 있는 홍콩식 중식당집이다. | Yijin Kim (Jane)(3점): 씨리얼새우: 씨리얼새우를 다른 데에서 더 맛있게 먹었고 여기는 좀 간이 쨍하며 뿌링클 마냥 자극적인 맛. | 양양(4점): 홍콩 다녀온 경험은 없지만 이국적인 분위기와 맛이 나쁘지않습니다. 간은 꽤 간간합니다. (싱겁게 요청도 가능) | a bc(4점): 엄청난 맛집은 아니지만 예상할 수 있는 맛. 괜찮은 한끼 먹었어요.
째즈257,D동 201호 KR 인천광역시 연수구 인천타워대로 257 아트포레 202호,4.7,"DO KYEOM KIM(5점): 완벽한 연말 데이트 장소, 송도데이트 째즈257 | 도현희(5점): 분위기 너무 좋아서 데이트코스로 추천 드려요 | 냥고야이리온(5점): 분위기도 정말 좋고 라이브 공연이 정말 멋진 송도 와인바에요! | 꾸돌아안녕(5점): 송도 데이트 장소찾으신다면 무조건 추천합니다. | 신현진(5점): 시간마다 날짜마다 달라지는 재즈공연이 있어 눈과 귀가 즐거웠습니다. 스톤스테이크와 새우오일파스타를 먹었는데 메뉴 모두 맛있었고 와인리스트도 다양하고 콜키지 가능매장이었고 칵테일 모히또 주문했는데 논알콜 메뉴까지 있어 공연과 분위기를 즐기는데 술못하시는 분들도 걱정없이 같이 시간을 보내기 좋았어요. 데이트에도 일상의 스트레스 해소에도 그만인 재즈257 모든 시간을 특별하게 해주는 마법같은 곳!"
Le plat de Sur_르쁠라드수르,연수구 송도동 33-1 2층 211호,4.8,"백호누누의 일상(5점): 역에서 매우 가까워서 방문하기 편한 음식점이었습니다. | youngjae kwon(5점): 잠봉 맛집 너무 맛있어요~ 라즈베리잠봉, 미트크림 리카토니, 앙버터로 마무리! 친절하신 사장님과 서비스 만족합니다:) | Yijin Kim (Jane)(4점): 1인 업장이고 배달도 하고 있음. | Gastronomy(4점): 인천 송도에 위치한 델리(?) 혹은 샤퀴테리 전문점. 잠봉뵈르를 대표메뉴로 햄 및 샤쿼테리를 직접 만들어 팔고 계신다. 잠봉뵈르 샌드위치 뿐만 아니라 간단한 파스타 메뉴도 있어 와인 한잔 하기에도 좋다. | HEON(5점): 킹포크의 새 이름 리쁠라드수르는"
팔십상참치 아트윈2호점,연수구 인천타워대로 253-25 아트윈푸르지오상가 210호,4,원반(5점): 가성비 좋은 오마카세 참치집입니다. | 김건우(5점): 최근 다녀본 참치집중에 손가락안에 꼽음. 메뉴구성이 알차고 정말 맛있게 먹었습니다. | 김영호(5점): 여기 좋네요. 참치도 신선하고 오마카세는 다양한 편으로 가성비 있고요. 테라스와 연결되어 야외운치도 있네요 | 너드아재 (너드아재)(4점): 객단가 4만원~5만원 | 성스타 (뉴스타만세)(4점): 참치는 훌륭했습니다
하노이 별,인천타워대로 251,4.4,"브래드삐뚤(4점): 친절하고 인테리어가 예쁘다. 세트메뉴를 시키면 국물요리와 덮밥을 같이 먹을수도 있다. 쌀국수는 먹을만하고 분짜는 중상, 덮밥은 보통. | 김연정(5점): 쌀국수 정말 맛있어요. 양지고기 쌀국수~~양념장넣어서 먹으면 국물이 엄청얼큰해져요. 모듬튀김도 맛있어요.홀리데이에 3박하면서 2번갔어요. | 박철오(3점): 쌀국수 특별하게 맛집은아니고 쏘쏘한 맛.가격대비 가성비는 별루 | 소솔빈(5점): 인테리어도 너무 예쁘고, 맛있어요 ^^ | 북악산멧다람쥐(4점): 특별히 나무랄 데가 있는 식당인가?"
투다리 아트윈점,연수구 인천타워대로 253-25 아트윈 푸르지오상가 114호,4,"임채현(5점): 오랜만에 투다리에서 생맥주 한잔했어요. | DooHyun Choi(4점): 조금 외진 곳에 있어서 처음 오시면 찾기가 어려울 수 있습니다. | YC C(5점): 매우 친절한 서버, 영어를 구사합니다(나 같은 관광객에게 매우 도움이 됨). 음식은 맛있고 가격도 적당합니다. 홀리데이 인에서 도보로 1분 이내(바로 뒤) | heekyoung lee(4점):  | 라천호(4점): "
아트카츠,연수구 송도동 84-2 아트포레C동 1층,4.3,"Moana(5점): 치즈카츠랑 안심카츠랑 둘 다 넘 맛있었어요! 치즈카츠는 느끼하지 않은데 치즈는 주욱 늘어나고 담백해서 지금까지 먹은 치즈카츠 중 제일 맛있었어요~ 안심카츠는 부드러워서 느끼하지 않고 좋았습니다. | Heny Kim(5점): 고급돈카츠의 맛을 느낄수있는 장소로 치즈카츠, 등심카츠, 안심카츠 모두 식감이 살아있어 어느것을 선택해도 충분한 맛을 느낄수 있음 | 강승재(5점): 아트포레에 위치한 아트카츠. 등심, 안심, 치즈카츠 모두 맛있습니다. | Константин Сонг(1점): 고기 누린내 나고 소스랑 반찬 상태가 엉망임. 별 한개도 아까웠음. | Shannon(5점): 좋아, 미친 소리처럼 들리겠지만 이것은 문자 그대로 내가 먹어본 카츠와 카레 중 최고이고 카츠/카레를 많이 먹었습니다!! 선택할 수 있는 요리가 4개밖에 없기 때문에 이 사람들이 매우 열심히 일하고 이 요리를 전문적으로 다루고 있다는 것을 알 수 있습니다!!! 음식은 육즙이 풍부하고 바삭바삭하며, 내부도 정말 좋고 평화롭습니다. 부탁을 들어 여기에서 식사하세요. 후회하지 않을 것입니다! :-)"
단지집 센트럴파크역점,연수구 송도동 인천타워대로 251 아트윈몰 상가 120호,4.5,Hyunseung Park(4점): 맛있는 한국의 삼겹살집. | kang joo hee(5점): 고기특유 누린내가 안나서 완전 맛있게 먹었어요~^^ | J Park(5점): 고기가 너무 부드럽고 두툼하고 맛있어요. | 큰그릇(5점): 고기를 구워줘서 너무 편하고 고기 질도 좋아서 아주 만족스러운 식사가 되었습니다!! | 이우진(5점): 삼겹살도 두툼해서 맛잇고 같이 나오는 반찬 모두 맛있습니다
진허우,연수구 인천타워대로 257,4.3,Jiwon park(4점): 홍콩식 중화요리입니다. 어향가지밥과 탄탄면 샤오마이를 먹었습니다. 전 가지 요리를 즐기지 않는데 정말  맛있게 먹었습니다. 대기시간이 조금 있지만 회전율이 좋아서 오래 기다리지는 않습니다. 일반 중국요리와 차이가 있어 좋았습니다. | 안국기(3점): 홀에 한줄 또는 두줄을 항상 비워둡니다. 기다리는 입장에서는 이유를 모르고 자리가 있는데도 식당앞에 웨이팅이 한참 길어져야 일부만 받아서 다소 답답합니다. | SAM K(5점): 아주 훌룡한 동아시아식 퓨젼 음식점 입니다. | 박기표(4점): 맛있어요  딤섬 3가지  주문하면 한개 더 행사중 | hyeim Yong(5점): 총 4번 방문
백소정 송도닥터스몰점,"연수구 컨벤시아대로 230번길 1층 A139, A140호 54 지상",4.8,Heny Kim(5점): 송도 닥터플러스몰에 입점한지 두달 정도 되어감. | RVD7(5점): 음식 정갈하게 잘 나와요 | Kyu-Seok Chae(5점): 모밀이랑 돈까스 세트 먹었는데 양도 적당하고 돈까스가 부드러워서 좋았습니다. | Angela 2 (마담안스)(5점): 맛있어요 | Hyojung Kim(5점): 치즈돈가스의 정석! 너무 맛있어용
중청루,KR 인천광역시 연수구 인천타워대로 257 아트포레 C동 210호,4.2,JungMoo Park(5점): 송도 국제도시에 위치한 중국요리 맛집. | 스칼렛(5점): A코스 55000원 | 林SH(3점): 홍합껍질 먹다 죽을뻔;; | 인토수(1점): 양장피에 해파리가 없어 | 제노스피노(4점): 매장 넓어요 음식은 깔끔하고 맛었어요 딤섬도 별미! 탕수육도 도톰한 고기를 사용해서 식감 굿굿!!
보승회관 송도점,연수구 인천타워대로 257,4.9,황건순(4점): 최근 식당들이 일찍 닫는 편이라 찾던 중 22:00 까지 하는 곳이라고 하고 항정살 | Eunsung Kim(5점): 보승회관 순대국밥 맛있어요. 특히 순대 맛있네요. 그런데 건더기가 조금만 더 들어있어도 괜찮겠습니다. | SY B(5점): 친구 추천으로 와봤는데 식당도 깔끔하고 국밥이 너무 맛있어요!! | 근(5점): 한국 음식 너무 맛있어요 순대국 뼈해장국 너무 맛있어요 | 유진(5점): 엄청 맛있습니다.!!!!! 뼈해장국 추천이요~
라멘나츠,연수구 인천타워대로 257 c동 113호,4.7,"안국기(3점): 내부 인테리어는 일본풍이 난다고 하기에는 다소 애매한 느낌이였습니다. | JEONGHO MUN(5점): 개인적으로 라멘 맛집 최상위권에듬 | 김석용(5점): 여기는 이걸 먹기 위해 호텔을 잡아도 될정도의 맛입니다. | Haine(5점): 이곳에서는 닭고기로 만든 라면을 만듭니다. 전자 키오스크를 통해 주문하고, 결제만 하면 바로 요리가 시작됩니다. 저는 신용카드로 결제했어요. | 김쫀득(5점): "
송도오라 화덕피자,223 KR 인천광역시 연수구 인천타워대로 257 c동,3.5,"김순녀(4점): 2024년 8월 1일 | 제노스피노(5점): 퍼플이랑 함께 간.송도오라화덕피자 | 두더지(4점): 화덕피자에서 중요한 도우 빵이 타지않고 질기지도 않게 적절히 구워져서 나오는것 같습니다. 전체적인 맛도 적당한 느낌입니다. 별도의 소스는 따로 없어서 먹다보면 약간 맛이 심심해집니다. 소스가 있었으면 더 맛있었을것 같습니다. | Guju(3점): 음식 맛은 좋았는데, 지나치게 긴 대기(약 1시간)에 지치네요. 특히 주말 저녁 시간은 피하시기 바랍니다. | 팔팔홍 PalPal Hong(4점): 데이트 분위기 보다는 단체 가족 방문 좋은 분위기"
수산촌,연수구 인천타워대로 257,4.1,블랙박스상연테크(5점): 주문:  반반초밥(소고기.회). 모듬초밥셋트.장어덮밥.생태탕?인가 | 브래드삐뚤(4점): 세트메뉴의 양이 꽤된다~ 매장이 깨끗하고 친절함 초밥이나 메밀국수의 맛은 보통. 회는 조금 두툼해서 좋다~ | John Yoon(4점): 신규 오픈한곳인데 초밥이 맛있습니다. | Hee Yong Jeong(5점): 초밥 맛있습니다. 가격 적당하고요 식당도 깔끔합니다. 자주 방문하는 곳이고 적극 추천합니다. 모둠 초밥에서 고등어초밥? 은 약간 비려서 다른 초밥으로 변경하신다면 더 좋을 것 같습니다~! | 한상희(5점): 초밥 최고입니다.
오투 닭갈비 & 부대찌게 아트포레점,연수구 송도동 인천타워대로 257 C동 c-205호,4.8,다윤서윤 스토리(4점): 닭갈비 맛있어요 양도 적당 | 성욱(5점): 매장도 넓고 분위기도 있어보였습니다. 닭갈비랑 부대찌개 먹었는데 맛도 괜찮고 양도 많았습니다. 반찬도 다양하고 맛있습니다. 사이드 메뉴로 계란찜 추천합니다. 맛있어요. | sunghyon성현(5점): 닭갈비 와 부대찌게 맛집 | Yang Jin Kim(5점): 맛집 … !!! | Michael Bron(5점): 뭘 먹는지는 모르겠지만 맛있었어요 😋
카레즈 KAREZ,연수구 아트센터대로 203,4.8,"Bell Yoon(3점): 요즘 카레집들 분의기는 약간 일본 카레집들하고 비슷비슷 한거같아요 아기자기 하고 일본에서 먹었던 커리집 같은 밑반찬(?)도 맛있고 커리도 맛있어요 | 정재희(5점): 치킨 맛집! 기분 좋게 매콤한 치킨 카레, 겉바속촉 치킨 카츠 너무 맛있었어요~ 기본 클래식 비프 카레도 물론 꿀맛🫶🏻 | apricot(5점): 송도의 맛있는 카레집. 동네에서 가장 맛있는 카레, 맥주와 와인과 잘 어울리는 안주, 좋은 분위기와 사람들이 여러분을 맞이할 것입니다. 돈가스도 의외로 맛있네요. 어린 아이들과 개들은 이곳에서 언제나 환영받을 것입니다. | Helena(5점): 맛있는 카레와 튀긴 돈까스를 밥과 함께 먹습니다. 친절한 서비스. 아주머니께서 영어를 잘하시고 메뉴 설명도 잘 해주시더라구요. 내 사무실 근처에 있고 한국 음식과는 좋은 변화입니다. 나는 다시 방문할 것이다. | Eunbi Kang(5점): 인천에서 딱 한곳에서만 식사해야 한다면 바로 여기!!! 엄청난!!!!!"
양산도 송도점,연수구 송도동 84-2,4.8,한아름(5점): 정식으로 한상 차림 받으니까 기분 좋네요❤️ | 이정준(5점): 소개받은 맛집이라 부모님모시고 갔는데 정식 덮밥 둘다 정말 맛있다고 하셨습니다. | 요다(5점): 여름에 다녀왔습니다. | 권오현(5점): 2만5천원의 장어덮밥 | 동동(どんどん)(5점): 나고야식 장어덮밥 음식 깔끔하고 맛있습니다!!
안동장,연수구 컨벤시아대로 인천광역시 연수구 송도2동 컨벤시아대로 230번길 42. (송도동 98-2) 아라프라자 2층 203호,3.8,Gary DH(5점): 다른 식당 가려다가 여기 방문했는데 음식 빨리 나오고 맛있어요. 처음 방문이후 일주일에 3번 갈 정도로 계속 생각나서 가게 되네요!! | JEEBOK지복(3점): 송도퍼스트파크 앞 아라프라자 내 중국집 | Lee K.Jack(3점): 동네 중국집. | 김정아(4점): 점심즈음 만석이나 빠른 서빙으로 회전율 높음 짜장6천원이나 양 많음 맛도 평타이상 | Heny Kim(5점): 주변의 중국집중 가장 맛있는 식당임. 짬뽕과 짜장이 주 특기이고 꼬바로우가 쫄깃하고 특색이 있어 그맛에 자주 가게됨.
원할머니보쌈(인천송도점),연수구 송도동 3-4,3.9,dong wook bang(4점): 깨끗한 환경 보쌈 원조의맛 좋아요 | Jin Taek Jun(4점): 무난함 | 박광길(3점): 그저그래요 | 이경천(4점): 맛있는 보쌈 | John Kim(4점): 
쉐라톤 그랜드 인천 호텔 베네,연수구 컨벤시아대로 153,4,김삼복(4점): 음식 맛있고 가격도 저렴한 편! | 김성호(4점): 뷰 기대했는데 멋진 공연도 볼수 있어 좋았습니다. | 나그네(5점): 전망은 그냥 그냥 좋은 것 같아요 . 깨끗하고 먹을만 해요. | Jinseung Lee(4점): 호텔 식당이어서 가격은 높음. 주말 브런치의 메뉴 구성이 괜찮음 | 온텍OnTech(5점): 굿 입니다
쉐라톤 그랜드 인천 호텔 유에,연수구 송도1동 컨벤시아대로 153,3.9,"Kyunghee Kim(3점): 평일1시 30분쯤 도착해서 식사시간대는 비켜간듯 한데 직원응대가 안되더라구요. | 원반(4점): 깔끔한 매장과 좋은 서비스 | Aron(4점): 코스요리가 깔끔하고 먹을만 했어요~ | 옐로고스트(4점): 맛은 있는데, 비싼 가격 생각하면 어설픈 서비스. | 북악산멧다람쥐(3점): 점심코스는 가격에도, 식당의 위상에도 걸맞지 않습니다. 딱 80년대 호텔 중식 코스에서 하나도 안 벗어난 요리를 제공하는데, 복고로서 인정은 안 되고 시대착오적이란 생각만 듭니다. YUE(悅-기쁘다)라는 이름이 무색합니다."
채선당송도점,연수구 송도동 3-28,3.8,"나긋한 인생(1점): 음식이 성의 없고, 자리가 비좁음. | laSecre demi jefazo(4점): 맛있고 빠르고 매우 깨끗해요 | ONE _ALL_ONE(5점):  | Ray망중한(2점):  | Katroy Muulkibel(4점): "
베네,송도1동,4,Kitae Yim(5점): 등심 스테이크와 랍스터 세트메뉴를 주문했는데 상당히 맛있었습니다. 서비스도 좋았습니다. | KA HAN(1점): 형편없어요 ㅜㅜ | 박명욱(5점): 네 감사합니다. | Luis Macareno(1점): 그들은 더 이상 오후 8시에 입장을 허용하지 않습니다 :( | Joy(5점): 
아띠오아나폴리 핏제리아 송도점,연수구 송도1동 3-1,4.4,"김순녀(4점): 2024년 12월 3일 방문. | Yijin Kim (Jane)(5점): 동네에서 가기 좋은 핏제리아. | 킹나비(3점): 음식이 맛있고 괜찮아요. 특히 파스타류보다는 피자가 괜찮아요. 토요일 점심에 갔는데 대기가 있는듯  해요..  예약을 추천.. | Park Epimethea(4점): 배부른 상태에서 어쩔 수 없이 갔는데도 맛있었어요 샐러드, 까르보나라스파게티, 나폴리 마르게리따 다 맛있습니다 빵이 엄청 쫀득쫀득하고 계속 생각나요 피클이 매콤해서 맛있어요 | 재미JIN(4점): 풍기샐러드 맛있었어요. 앉아서 식탁의 전자기기로 주문, 결제해서 편해요. 친절한데 응대에서 약간 식당편의적인 느낌이 들었어요. 식당은 젊은 분위기였어요. 웨이팅이 있을만큼 인기있는 식당이지만 그정도의 맛은 아니란 생각이 듭니다."
쉐라톤 그랜드 인천 호텔 피스트,연수구 컨벤시아대로 152,3.9,"정인수(5점): 요리들이 전반적으로 맛있고 좋습니다. | so good so far(4점): 저녁 뷔폐가 성인기준 135,000원이고, 12세 이하 아이는 반값에 이용가능하다. | Eddy Seong(3점): 5성 호텔에서 느껴지는 3성의 향기 | 데나리온(DENARION)(3점): 호텔 명성에는 상당히 못미치는 호텔뷔페 손님도 평일이라 적은듯 한산합니다 2411 | nalong(3점): 음식이 맛이 없진 않은데 생각보다 가지수가 적음"
클라우스,연수구 송도2동 컨벤시아대로 126,4.1,찐랑이 (찐랑이)(5점): 외국인들도 많이 방문하고 요리도 맛있는 바예요..신나게 음악듣고 술마실수 있는곳 찾으시면 여기로 오세요~♡ | 김태형(5점): 맛있어요 | 김정화(5점): 굿굿 | miya kim(4점): 좋다 | JH kim(5점): 좋아요
그린라이언,연수구 송도동 22-22,4,SungWan Jo(5점): 신선하고 메뉴가 다양함. 맛은 뭐 풀맛이지만..ㅋㅋㅋㅋ 드레싱도 과하지않고 점심으로 아주 좋음. 잘먹는 남자분들은 배고플수도 있을듯. 나 포함...ㅋ | 이한별(5점): 직장에서 점심으로 배달해서 먹었어요~ 거의 4~5개월간 먹었네요 ㅎㅎ 재료가 신선해서 질리지도 않고 즐겁게 잘 먹었습니다. | Margaret Lehmann(5점): 친절한 직원. 맛있는 음식. 배달 가능. 영어 메뉴도 제공됩니다. | 임경섭(4점):  | 신장로(1점): 
북창동순두부(송도신도시점),연수구 컨벤시아대로 81,3.9,데나리온(DENARION)(3점): 미국 본점에서 먹던 순두부에 LA갈비가 생각나서 먹어봤는데 본점믜 완승입니다 양념갈비가 너무 짜다 2502 | national_jiographic(5점): 여러 체인점 중 잘 하는 곳입니다. 맛있어요. | 빅요요(3점): 이 식당은 어느 체인점을 가도 똑같은 느낌입니다. 점심 한끼로는 만족합니다 | 성스타 (뉴스타만세)(5점): 찌개백반치고는 가격은 비싸지만 그만큼 퀄리티가 좋습니다~~ | My Diary Creatra(5점): 송도에서 한끼 든든하게 먹고 싶다면 좋은 선택지 중에 하나이다. 순두부 자체도 맛있지만 돌솥밥에 알찬 반찬이 너무니도 좋다.
존슨부대찌개-인천 송도점,연수구 컨벤시아대로 90,3.6,"Mark Lee(3점): 맵지 않고 시원하니 맛있네요 | 김디키(1점): 정말 죄송하지만..음식에 재능도 없고, 재료도 너무 안좋고, 특색도 없고, 마인드도 별로입니다. | 이현수(4점): 맛있지만 체인점 맛입니다 | 라무마스터(3점): 목요일에 만 행사하는 만원의 행복 가성비 좋습니다 | 최연주(4점): 가볍게 얼렁 먹기좋아요 전골 괘안아요"
플레이그라운드 브루어리 탭룸 송도,연수구 컨벤시아대로 80 현대 힐스테이트 401동 139호,4.5,"Jun Lee(3점): 사람 많고, 평이 좋은 수제 맥주집 전체적으로 맥주는 탄산이 없는 전형적인 해외 브루어리 스타일...강한 맛도 있고, 전체적으로 한국인들이 좋아할 맛이었습니다. | Yijin Kim (Jane)(3점): 여기 너무 오랜만에 왔다.  5년은 더 된거 같은데...옛날만큼 감동이나 기쁨이 덜하다. | John Yoon(5점): 인천 송도 현대힐스테이트 상가 건물에 있는 수제맥주 전문점입니다. 실내 천고가 높아서 넓어보이고 손님들중 외국인분들이 많아서 약간 외국에 놀러온듯한 느낌이 듭니다. | Seoha Yi(4점): 수제맥주와 수제버거 맛집. 나머지 음식들은 식사류도 있지만 맥주의 안주들 같은 느낌??(짭조름하면서 달콤) 다양한 수제맥주들을 취향에 따라 마실 수 있고 그에 궁합이 맞는 안주들을 선택하는 재미가 있다. 베트남식 치킨도 맥주 안주로 적당했다.. 한가한 오후에 나른함을 즐기기에 좋은 곳..근처에 있다면 맥주 한잔만 먹으러도 가기 좋은 곳일 듯 하다. 친절한 직원도 좋다 | 구승회(4점): 가격이 조금 비싸지만  사장님 서비스가 좋고  맥주나 분위기도 좋음"
유가네닭갈비 송도신도시점,"밀레니엄 빌딩 219 호, 3-1 송도동, 연수구",3.9,"DD P(4점): 지금 날씨. 아니면 가을 추워지기 전에 2층 테라스 다열어놓고 먹으면 시원하니 기분좋게 냠냠가능. | powerstation jfc(4점): 주변에가족끼리밥먹을곳이없어서고객들이많이찾음.닭갈비메뉴는어르신들이나아이들하고먹기에적당하다고봄.단점은닭갈비먹고밥비벼달라고했는데밥알이잘익지않은듯...밥알이다서있는듯함 | 김선미(4점): 가격도 착하고 너무 맛있어요. | JH(3점): 최고의 닭갈비집. 가성비며 균형있는 맛이며, 이런 음식을 이가격에 먹을 수 있는건 한국의 축복. 최근에 주인이 바뀌고 인테리어도 바뀜, 양이 좀 줄어서 다시 수정함 | YJ Lee(4점): 유가네 닭갈비는  언제가도 기본은 하는거같다 그리고 역시 볶음밥은 꼭 먹어야함~^^"
미스터쭝 인천송도점,연수구 신송로125번길 7,3.8,jw suh(4점): 해물갈비찜.. 살짝 맵지만 자극적이진 않았다.. 값에비해 내용물이 풍성하진않고.  셋이 먹기 적당한 양.. 볶음밥도 맛있음. | Young Il KU (yila2002)(4점): 해물갈비(중간 매운맛) 추천해요 전복 낙지 쭈구미 가리비와 갈비의 매꼼한 뽁음이 최고입니다..나주에 밥뽁아 먹음은 기본... | mallang xoxo(4점): 해물갈비찜.갈비찜 맛있는데 고기양이 많이 적음. 연포탕은 심심하니 갈비찜과 같이시켜먹으면 좋을것같음. | Sujin Kim(4점): 해산물은 싱싱하고 음식 맛은 괜찮아요. 어쩌다 지나가다 들를수는 있는데 굳이 찾아갈 곳은 아니네요. 맛도 스텝의 서비스도. 키조개 껍데기에 담겨져 나온 음식을 사진 찍을 수 있게 배려하는 센스가 부족합니다. | 김진철(3점): 가격은 비싼데  갈비나 해물양이 적음
완산골명가 송도점,연수구 송도동 2-3,3,"쇼핑 왕루이(4점): 생각보다 국물에 공을 들여서 | zzeong K(3점): 깔끔한 한정식이에요 보리굴비는 오늘 약간 비리네요 | TAE HO EOM(4점): 제육도 괜찮고 술한잔하기 좋습니다. | 성스타 (뉴스타만세)(5점): 진짜 간만에 지대로된 콩나물국밥을 영접했습니다 👍 | 세피(1점): 방금 화장실 다녀왔는데 여기 요리사님 소변보고 손 않닦으심, 으웩"
영미화김밥,South Korea,4.5,성스타 (뉴스타만세)(5점): 진짜 특색있는 김밥집!!!! | 이희철(5점):  | 변지혜(2점): 맛 대비 너무 너무 비쌈 ;;; | 박윤녕(5점): 맛과 서비스 최고 | 윤성희(5점): 명장이야
돈스칼렛삼겹,연수구 송도동 20-23,3.6,"원철희(5점): 두툼한 삼겹살과 생연어가 제공되는 특별한 곳이며, 라면바와 후식바가 있어 가성비가 좋다. | Domo Kim(5점): 두꺼운 삼겹살 맛있어요 | je-hyoung Ryu(4점): 맛 괜찮고 주차편함 | Koram-Abcell(1점): 모름 | NiceHan(3점): "
옛날빈대떡,"KR 인천광역시 연수구 인천 센트럴로 415, 힐스테이트더테라스 판매시설동108호. 106동상가 1층",4.3,박지영(3점): 김치전14000 감자채전 | 서울시곧미남(5점): 일단 사장님이 친절함. 서비스 팍팍~~주시고 고추장찌게는 정말 추천음식입니다~~ | 김광운 (Soccerkim)(4점): 사장님 손맛이 일품 입니다 | 김귀순(4점): 비오는날 막걸리한잔하기 좋은곳입니다. | 장원일(5점): 확실히 맛있는데 쬐금 비싼 느낌
대왕판떡볶이,연수구 송도동 판매시설 316 동 111호,4.5,Myoums Lee(5점): 매콤달콤한 떡볶이를 먹을 수 있는 곳. 간 날은 쌀떡이었음. 양념 너무 맛있음. 세트이 튀김이 달랑 한개라 너무 아쉽지만 암튼 ㅋㅋㅋ 튀김도 바삭하고 맛있음. | 페페(4점): 인천 3대떡복이집이 되려고 하는집(남동공단 떡볶이 학익동 얼레꼴레 | Hyunseung Park(5점): 인천에서 베스트에 드는 떡볶이집 | Yijin Kim (Jane)(3점): 부산스타일을 지향하는 듯. | 이승헌(5점): 가끔 여기 떡볶이 먹고싶어서 와요.
제줏간,연수구 인천타워대로,4.6,"양양(4점): 초반에는 웨이팅이 심해서 포기했었는데, 요샌 경쟁집들이 많이 생겨서인지 가끔 가볼 수 있더라고요. | 쉼표 (쉼표)(5점): 고기 맛있고 사이드 양 많고 좋다 | Hyunseung Park(5점): 껍데기가 가장 좋았습니다 | 김영심(5점): 삼겹살 두툼하니 엄청맛있어요. 믿반찬두요~~ | Jiwon park(4점): 8공구 제주돼지 맛집입니다. 한라산이랑 같이드세요."
쑤퍼마켓,연수구 센트럴로 415 힐스테이트 더테라스 판매시설동 101호(106동상가1층,5,"J(5점): 송도에 애견동반 카페 술집 찾다 발견 | 비욘드코리아(5점): 분위기 좋아요~~~ 애견동반도 되고 > | Seoyul Choi(5점): 간단한 브런치 메뉴로 아메리카노, 기본 계란빵 그리고 양송이 스프를 주문했습니다 | Ishereje(5점): 깔끔 | My(5점): 송도의 새로 오픈한 카페라 방문했어요"
배부장찌개 랜드마크시티점,연수구 107 동 배부장찌개 121호,4.2,"Rouis Park(4점): 김치찌개 잘 합니다 무넣어서 시원하구요 | Hyunguk Kim(5점): 부대찌게짜글이를 먹었는데 너무 맛이 좋습니다 | Hs H (힐링방앗간)(5점): 동태찌개맛있어용~ | 김명의 (안전관리자)(3점): 동태찌개를 시켜먹었는데 여름철이라해도 생선이 신성하지않은 재료를 사용했는지 비리고 맛도 상한맛이나서 겨우 먹었네요 다른음식도 시켜먹었는데 별로네요 | 최홍철(5점): 송도점에서 돼지짜글이 시켜먹었는데, 밥에 비벼서 매콤하게 맛있게 먹었어요,,,"
진천순대,연수구 센트럴로 415,3.8,Hyunseung Park(4점): 순대국보다는 모듬순대를 추천합니다 | happy very(4점): 순대국밥 맛있게 먹었습니다 | 박지영(3점): 운대국 10000 | Jin Y (하노이인)(3점):  | Shim Hyoung-Sup(5점): 
살맛나숯불생선구이,연수구 송도동 센트럴로 415 더테라스 판매시설동 124호 힐스테이트,4.3,Samuel Jung(4점): 사장님 친절하시고 생선구이 솥밥 밑반찬 다 괜찮아요 | 신세균(5점): 사장님 너무 친절하고 음식맛있고 | 윤수자(5점): 사장님 친절하시고 주방과 홀이 크지는 않은데 깨끗합니다.  소규모모임으로 적당합니다. 음식 깔끔하고 맛있어요. | Sean Yoo(4점): 집에서 생선구이 먹기힘든데 간편하고 건강하게 먹을 수 있어요! 깔끔하고 맛있어요! 솥밥도 서비스로 주세요. | 최종하(3점): 맛없어 요
포케올데이송도8공구점,판매시설 동 KR 인천광역시 연수구 센트럴로415 1층 122호,4.2,"원송연(5점): 시간이 없어서 포장으로 주문하고 차에서 먹었습니다. 최근알게된 가게인데 10,900원짜리 세트들 다 푸짐하고 맛있습니다. 자주 갈겁니다^^ | 이윤희(5점): 포케 단골집^^.연어포케도😍 | hyunjung kang(5점): 매장도 깔끔하고 간단하게 맛있게 먹을 수 있어요. 최근엔 냉우동도 맛있더라구요. | 박정은(5점): 번창하세요 | Tae Jo Rhee(4점): 가게가 좁아서 더 넓혔으면?"
양계장집아들 송도달빛축제공원역점,연수구 아트센터대로168번길 101 120호 121호,4.8,"이병훈 (쿨가이)(4점): 일이 늦게 마쳐서 밥대신 배도 채우면서 한잔하러 가본 양계장집아들! | 길따래(5점): 양아들치킨, 양아들 양념치킨 둘다 너무 맛있어요! 튀김옷 없는 치킨이라 옛날치킨 같기도 하고 염지도 잘 되어 있어서 너무 맛있더라구요!!! 가족들과 함께 방문했는데 다들 맛있다고 하고 즐거운 시간 보내고 왔습니다👍👍👍 | 박찬혁(5점): 한국! 특히 송도에 왔다면 이곳을 꼭 방문하세요ㅠㅜ제가 먹었던 치킨중에 여기가 제일 맛있습니다...바삭하고 겉은촉촉하고 처음부터 끝까지 따뜻하고!! 너무 맛있게 잘먹었습니다😀😀치킨에 맥주한잔먹으니..넘좋네요! 또오고싶어요(떡볶이도 진짜 맛있습니다!!) | 이승환(5점): 집앞에 옛날통닭으로 치맥할 수 있는 곳이 생기다니🧡 양념, 후라이드, 간장 모두 먹어봤는데!! 셋다 너무 맛있어요 특히 간장은 먹어도 먹어도 질리지 않더라구요👍 이제 불금마다 양계장집 아들와서 야구보며 치맥할래요😎🤍 | 안소연(5점): 양계장 간장반반치킨 통오징어 감자튀김과"
하남돼지집 송도랜드마크점,연수구 아트센터대로168번길 101 1층,4,이승헌(5점): 고기는 질도 중요하지만 어떻게 굽느냐도 매우 중요하죠! | 원반(5점): 말이 필요없는 돼지고기계의 최강자로 | 원디ONE.D(1점): 송도 센트럴파크점이랑 착각해서 | 무풍(4점): 맛있어요. 직원들이 친절하게 다 구워 주셔요. 단체로 큰소리로 인사하는건 좀 적응 안되요.. 손님 하고 이야기하다가.. 깜짝 놀랐어요.. | Davron Olimov(5점): 
프랭크버거 송도랜드마크점,연수구 아트센터대로168번길 101,4.5,재미용(5점): 최근에 알게됬습니다. 만족스럽습니다. 서비스 친철 맛 굿굿입니다!! | 레몬티비(5점): 맛있네요  생각보다 | 윤소영(5점): 여기 생각보당 맛이있네요!!! | 안녕하세요(5점): 맛있다!! 굿 굿 | Ron van Bruchem(4점): 아주 좋은 햄버거와 감자 튀김. 제한된 영어로 기계를 통해 주문하십시오. 앉아서 먹을 수 있는 작은 공간도 있어요.
푸라닭 인천송도랜드마크점,연수구 송도2동 1060,4.4,"0 322(5점): 유학 가서 만난 외국인 친구가 한국 놀러와서 집 밑에 자주 가는 푸라닭에서 순살 블랙마요 포장하고 먹었는데 진짜 존나 맛있음 포장 기다리는데 바쁜 시간대라 주문 쌓여있어서 평소보다 늦게 받았는데 ""기다려주셔서 감사합니다""라고 포장한 내 치킨 주시는데 1차로 친절함에 기분 좋아지고 2차로 치킨까지 맛있어서 외국인 친구 춤추면서 먹음 여긴 다른 지점 푸라닭 보다 소스도 그렇고 준내 맛있음 밑에 푸라닭이 질기다고 하는 리뷰는 치킨을 전혀 모르는듯 | 권유진(1점): 질기고 맛없고 내가 먹어본 치킨 중에 최악 ㅠㅠ 치즈볼은 맛있네요 | 장덕희(3점): 주변뷰는 좋으나  음식은 쏘쏘~~ | 파파고(5점): 너무너무 맛있어요 | Ron van Bruchem(5점): 배달하거나 작은 식당에서 먹기 좋은 치킨입니다. 음식 맛은 그냥 맛있습니다. 직원들은 고객을 위해 열심히 노력하고 있습니다. 추천합니다."
마치카도,연수구 인천타워대로,4.8,"Danny Hyun(5점): 돈코츠라멘과 부타동의 맛이 좋았고 양이 풍부했다. 돈코츠는 원래 돼지고기 육수로 전혀 느끼하지 않고 담백했다. 부타동은 간장소스의 맛과 불향이 가미된 돼지고기 덮밥으로 추천할 만하다. 셀프바에서 덮밥용 국물과 단무지, 생강절임 등으로 개운하게 곁들여 먹으면 좋다. 실내는 아기자기한 인형과 일본식 소품으로 예쁘게 꾸며져 있다. 주문은 키오스크로 가능하다. | 룰룰리(5점): 너무 맛있어요;-) 송도에 일본 라멘 맛집 못 찾았는데 가장 나은거 같아요!! | Edulo Lee(5점): 정말 맛있는 라멘 레스토랑! 우리는 된장과 매운라면 두 개를 먹었고 후자는 세트 + 추가 만두로 구성되었습니다. | Yade Rian(5점): 훌륭한라면과 좋은 분위기! | _ mam(4점): "
미태리 송도랜드마크시티점,"연수구 아트센터대로 168번길 101,2층",4.6,goyo han(4점): 오피스텔에 묵는다면 건물 밖으로 나가지 않고 접근 하기 좋은 곳에 위치에 있습니다. | 정호용(5점): 저렴한데 맛있어요. 키오스크로 주문하고 테이블에 앉아 있으면 알아서 가져다 줍니다. 메뉴도 다양하고 부담없이 즐길 수 있는 식당입니다. | 유니(5점): 토마토소스가 진하고 맛있어요. 재료를 이태리에서 공소해온다고 하더니... 파스타 맛집이네요. | guwon(5점): 싸고 맛있습니다. 자주 가도 안 질려요. | 이이상 호(5점): 편하고 싸게 먹기 좋아요
24시전주명가콩나물국밥 송도2호점,연수구 아트센터대로 168번길 101,4.5,이병훈 (쿨가이)(4점): 숙소 상가건물에 있는 24시전주명가콩나물국밥 송도2호점! | CK Yoo(4점): 매장이 깔끔하구 일하시는 아주머니가 친절하세요. | 조창근(5점): 콩나물국밥 너무 맛있네요.. | 권보애(3점): 가성비는 그럭저럭 괜찮은데 | 장지봉(3점): 아직 24시간 영업은 아니지만 정확하게 오전 06시30분에 오픈하고 주문가능하였습니다. 번창하시기를 바랍니다.
맘스터치 송도8공구점,연수구 센트럴로 415,4,Wyatt(4점): 깔끔하게 만든 매장 | 김연정(4점): 매장깨끗하고 직원분 친절하고 햄버거 맛있어요.매장에서 먹는 사람이 없어서 내집인듯 편하게 먹었네요 ㅋㅋ | 콩순맨(4점): 맘스터치는 주문하고 시간이 좀 걸리지만 언제나 맛있어요 | 박지윤(5점): 매장 깨끗하고 친절하고 | 장영수(5점): 역시 맘터 짱이에요
직화대첩,155 KR 인천광역시 연수구 송도동 29-1 한라웨스턴파크 1층 156호,4.4,Tommy LEE(4점): 1. 송도 한라웨스틴 1층에 위치한 고기집 | 임병곤(3점): 주말 점심 12시 만석! | 김준(5점): 너무맛있게 잘 먹었습니다 감사합니다 | _이남철(4점): 좋아요 | 검은별(4점): 여기괜찮네요 기본은하네요
스뎅식당,연수구 센트럴로,4.6,"Dragon New(5점): 송도 인천대입구역 근처에 있는 냉동삼겹살집입니다. 고기맛도 같이 나오는 반찬, 추가메뉴, 치즈볶음밥도 맛있고 인천맥주도 맛볼수 있는 강추 고기집입니다~~가족, 친구  및 연인 모두 부담없이 즐길수 있는 장소입니다~ | Danny Hyun(4점): 약간 캠핑 가는 느낌을 주는 식당이다. | 신세균(5점): 가볍게 한잔 하기 좋아요~~~ | chris kim(5점): 모든 것이 좋습니다. | 황써니 (써니황)(4점): "
성진아구,연수구 청량로109번길 71,3.6,"Wonkook Kim(4점): 오랫만에 방문한 성진아구 | 한준식(5점): 예전 보다 손님이 많이 없네요. 30년 단골집 답게 맛은 그대로입니다. | 박현욱(4점): 연수구에 있는 아구찜 맛집이다 언덕위에 있는데도 사람들이 많다 가게고 커서 많은 사람들이 갈 수 있다 아구찜 해물찜 아기돈가스 3메뉴가 있다 백종원아저씨 말씀처럼 메뉴를 적게하고 집중하는 맛집이다 아구찜 소자인데도 엄청나게 많이 나왔고 맛이있었다 다만 가게 안이 낡고 부산해 보이는 테이블이라 아쉬웠다 | Noeul(4점): 첫방문...! 연안부두에 있는 해변만 가다가 휴무일이라 한번 방문 한 곳. 전체적으로 해변보다는 조금 못한 것 같지만, 그럭저럭 먹을 만 했음. 하지만 해변이랑 성진아구찜 중에 고르라면 해변으로 갈 것 같음. | 뚜비뚜바(4점): 가게가 오래돼서 깔끔한 느낌은 없지만 아구가 살이 많고 맛있어요"
한송,연수구 동춘동 818-4,3.2,Kim Jason(2점): 한송집은 없어지고 황칠낙지집으로 | 김정철(1점): X같음~ 가지마시오 | 안정언(4점):  | 최원영(3점):  | 전운제(5점): 
24시 하동재첩마을,South Korea,4.1,제희준 (뚜벅이 맛집 여행자)(3점): 술한잔후 다음날 해장하러 방문한 식당입니다. | James Lee(4점): 쉽게 접하기 어러운 재첩국 | 피아노(5점): 쳐먹기바빠서 사진을 이따위로 찍네... 맛있어요. 비린것도 거의없고 건강하게 해장되는느낌. 생선조림도 항랑나온다는데 이거 국물도 끝내줘서 무먹다가 밥하나추가함 ㅎ | 빅요요(5점): 아.   근처에. 이런 해장국 집이 있었다니.  너무 건강한 맛입니다.   고등어조림도 반찬으로 너무나도. 대만족입니다 | 이종록(4점): 근처에속풀이할수있는식당
연,연수구 동춘1동,3.4,보타쿠(3점): 1인당 7만원짜리 가장 비싼 식사를 했습니다 재료 라든가 음식들은 괜찮았지만 혼자 먹기에는 양이 너무 많았습니다 물론 둘이 가서 먹었습니다 다 먹지 못해 포장을 해달라고 했는데 포장을 잘 해주셨고 집에 와서 포장된 요리를 먹었는데 괜찮았습니다 다만 7만원 정도로 이용하기에는 조금 아쉽습니다 그냥 저렴한 음식을 시켜서 먹는 게 더 효율적인 것 같습니다 자리가 창가 자리였는데 약간 더웠습니다 | 쭈니버스TV(2점): 회사에서 회식으로 왔어요. 초밥과 모듬정식이 맛있어요. | 김운수(4점): 음식이맛있어요 | 최기선(3점):  | 양원영(5점): 
굽네치킨 동춘점,연수구 먼우금로83번길 12,3.2,Ysang Choi(4점): 주차장이 시간대에  따라 주차하긴 불편하긴 한데 미리 주문하고 찾으러가면 주차장 바로 옆에 매장이 있어서 | 이준영(4점):  | ggg eeeddd(1점):  | 전지연(3점):  | 김익성(3점): 
한솥도시락 연수동춘점,연수구 동춘동 937-8,4.7,사모예(5점): 친절하고 좋았어요.미리주문을해두고가시는게 좋을거같긴합니다. | 김기욱(4점): 작은 규모지만 배달이 엄청 나네요! | Sam KH(5점): 맛있게 잘 먹었습니다 가성비 맛집 | 유도형(5점):  | 조윤빈(5점): 
두레박,연수구 동춘동 799-6,4.1,"최명훈(2점): 대체적으로 전 간이 쎈 느낌이네요. 그리고 식전에 주는 음식들이... 묵 하고 잡채 빼고 신 맛도 강하고 짠맛도 강하네요... 궁중정식에서 우럭튀김은 맛있었고, 갈비... 헐...  1인 1조각... 그리고 많이 질긴편입니다. 간장게장은 간이 게장에 다 안베였으나 비린맛은 없네요. 식사로 나온 된장찌개는 좋았고요. 그리고 나물은 생각컨데 처음에 입가심으로 나오는것이 어떨런지... 또 갈 의향은 없네요... | Miock Park(5점): 남편이랑 인천에 놀러갔다가 뭐 먹지 하고 망설이던 중에 우연히 알게되어 간 한정식집! 한식을 좋아해서 한정식집을 찾아보니 평점도 좋고 가격도 막 비싸지 않고 착한 듯 하여 결정! 남편과 고고씽 했는데 와~~~~!!!! 진짜 맛있어요! 특히 낙지볶음과 간장게장!!! 이렇게 부드러운 낙지 실화냐!!! 말도 안되는 부드러움에 입에서 살살 녹는 줄;;;;;; 간장게장은 너무 짭조름 고소해서 진짜 밥도둑이었어요 ㅠㅠ 완전 강추입니다!! 연어 문어숙회랑 갈비찜도 정말 부드럽고 맛있음! 쓰면서도 츄릅츄릅군침이 또 도네요ㅠㅠ 진짜 상다리 부러질 정도로 배불리 그릇까지 먹을 기세로 해치웠어요~~~ 다음엔 부모님들 모시고 또 오려구요^^ 인천 두레박 한정식 완전 강추 상 강추에요~!! | 박지혜(5점): 갓성비! 엄마가 해주는 집밥 같아요! 그리고 된장찌개가 진짜 예술이예요!! | 初山古月고월(4점): 입소문을 듣고 가족들과 함께 찾아갔는데 다들 좋아했습니다. 갈비찜이 특히 저는 맛있었고, 집사람은 간장게장을 좋아하더군요. 1인당 3만원 가량하는 메뉴를 시킨 거 같은데... 외식을 잘 안하는 저로서는 좀 저렴하다고는 생각하기 어려운 한끼 식사였네요. | Hounyeh Kim(5점): 몇 년 만에 한국에서 친구들이랑 맛있는 게 먹고 싶어서 간 한정식집인데 너무 먹고 싶었던 잡채와 갈비, 정갈한 나물이랑 깊은 맛 나는 된장찌개 다 너무너무너무 맛있었고 특히 게장은 정말 독일 싸가고 싶은 맛이었어요!!!! 게다가 그 뜨끈뜨끈한 구들장에 앉아서 수다떨다보니 배부르고 땀듯해서 스르르 잠들고 싶을 정도로 편안했습니다. 이 가격에 이런 한국음식을 먹을 수 있다는 게 너무 감격이었어요! 정말 강추합니다!"
도미노피자 연수점,연수구 청학동 500-4,3.8,Allison Lee(4점): 목요일인데도 웨이팅없이 주문하고 금방 픽업가능합니다. 피자맛은 도미노피자맛! | Sehwan Park(4점): 오픈형 주방이라 믿고 먹을수 있겠다 싶은 곳. 최근 신메뉴 출시도 좋구요. | Lohan Lee(5점): 좋아요 친절하고 신속하게 포장해줘요.깨끗하고 ..추천요 | 주식회사씨엔엠(3점): 체인점을 평가해야하나? 굳이 해한다면 이곳은 충실해 ! 본사기준에.... 그리고 적합해! | 박현준(phj6114)(4점): 온라인으로 주문할수있도록 직원이 친절하게 알려주었습니다
북경,연수구 동춘동 801-9,4,"정로크(5점): 옛스런 분워기에 사장님 취향의 선곡이 도특합니다. 코스요리가 가성비 있습니다. 일하시는 분들이 성실히 도움을 주셔서 감사했습니다. | 이종록(5점): 조용하고분위기좋습니다 | 이강산 (이강토)(5점): 생각보다 식사류 가격이 착했고, 맛도 괜찮았습니다. 요리는 찹쌀탕수육인데 고기함량 좋고 너무 달지 않았습니다. | 데이트힐링(5점): 짜장면. 찹쌀탕수육 맛있네요. 점심 식사 시간은 11시 30 분 부터 시작 합니다  참고하세요^^ | Isla Choi(4점): 전복짬뽕 나쁘지않네요~양도 적당히 많으편임~~ 일반짬뽕도 괜찮습니다"
본죽 인천동춘점,South Korea,3.9,"Seung-pil Yang(4점): 모밀, 비빔모밀, 만두 등 음식은 매우 만족하는데, | 미도리(1점): 이 근처에 죽집이 여기밖에 없어서 어쩔수 없이 가는곳. 딴곳 있었으면 진짜 여긴 절대 안감. 점주인지 모르겠는데 어찌나 싸가지가 없는지...제일 중요한건 특전복 절대 시키지마세요 진짜 돈아까움. 그리고 김치에서 똥맛남. 진심 최악 | 김은진(2점): 개인적으로 죽보다는 국에 말은 밥같은 느낌입니다. | JAE BOK CHOI (최재복)(5점): 본죽~요기가 맛있어요.본죽이라고 맛이  다 똑같지 않은건...주방조리사님이 틀려서 겠죠~!! | Youngik Jeong(4점): 포장했습니다"
보드람치킨 연수점,South Korea,3.7,안미혜(3점): 골뱅이무침이 너무 짰슴... 후라이드치킨은 먹을 만함.. | Enfant Lee(4점): 인테리어 새로해서 깔끔해짐 | 김종직(3점): 예전의 맛이 사라져 버렸다 | 다중이(5점): 맛있어요 | Chan Ho Park(4점): 맛있음
33떡볶이 동춘점,연수구 동춘동 937-1,3.9,이상택(4점): 본인에 입맛에  맞게  쫄면 면이 덜삶아져서  못 먹 겠다고 해서  요구를 했는데  웃으면서 받아주셔서 서비스에 감동  받음 | jangsu mun(3점): 키오스크에서 주문하고 음식은 셀프서비스하여 인건비를 절약. 가격이 저렴합니다. 맛은 중정도 입니다. 꼬마김밥이 주메뉴인것  같은데 꼬마김밥 크기가 꼬마는 아니고 보통파는 김밥보다 조금 작은정도 입니다.세줄 나오는데 한끼로 충분합니다. | 냠냠이의 게임체널(4점): 늦게까지 하면 좋을텐데 | 엄해경(5점): 직원분들 친절하시구 매장도 깔끔 맛도 최고네요 | Ysang Choi(4점): 맛이 너무 자극적이지 않아서 좋고 친절하시기까지 하셔서 기분이 좋았습니다
교촌치킨,"1 층, 10-11 앵고개로264번길, 연수구",2.3,"namchang Kim(1점): 최악입니다. 살다가 이런 거 처음 남깁니다. 사장,알바 개념 없구요. 원래 시키면 같이 나와야 하는 사이드 메뉴가 없다고 사이드 못주니 그냥 사이드만 먹지 말라고 하네요.. 시켜서 나오기 전에 양해를 구해야 하지 않나  지적하니 한숨 쉬면서 짜증 내네요.  바닥 상태도 더럽고 화장실 악취도 심합니다 곰팡이도 쓸어있네요 화장실갔다가 그냥 나왔습니다. | seongwook son(1점): 별 한개도 아까운 집. 브랜드 믿고 주문 했는데 살은 뻣뻣하고 튀김옷은 입안을 찔렀으며 기름 쩐내 까지 납니다. 먹어본 교촌 매장중 최악의 맛. 미리 조리해둔 닭을 주는게 아니냐는 합리적인 의심까지 하게 됨. | Byungmoon LEE(3점): 매장은 넓으나 관리가 되지 않는 느낌 | HEEWON LEE(1점): 닭을 잡아서 조리하나봅니다.  쿠폰이라고 무시하는건지. 치킨집이 여기뿐인가요. 다시는 주문 안합니다 | 최동욱(4점): "
대동강,South Korea,4.1,이종록(5점): 참멋진식당이네요~~^^ | 閑良(5점): 이 가게의 안창살은 천상의 맛입니다. | 데나리온(DENARION)(4점): 딴거는 비싸서 비추 칼국수만 좋아요  2405 | K.H. Lee(5점): 비싼 만큼 값어치를 하는 곳. | 이성욱(4점): 언제가도 맛있는 칼국수. 고기랑 문어랑 저녁메뉴도 훌륭합니다. 좀 비싸요
뉴욕바닷가재 연수점,연수구 청학동 483-10,4.4,"김정기(1점): 비싸다. 맛은 뭐 나쁘지않다. 단지 오래된식당에 뭐가 자꾸날아다니고, 그래도 맛은 괜찮으니 비싸도 뭐 가끔은 먹을만은 할거 같지만. 비싼음식을 맛보기엔 서비스가 영... 비싸게 받으면서 미역국은 맛없고. 매장이 좀 씨끄러우며 손님에게 친절하지않다. 그냥 베트남 여행가서 랍스터 마구먹는게 더 이득일수도... 왠만해선 평 좋게쓰곤하는데. 여긴안되겠다. 그정도로 서비스가 엉망이었다. 자리에 앉지도 않았는데. 뭐시킬거냐고 닥달하고. 불러도 안오고. 싼가격이었으면 그래. 이러지만 비싸니까. 체인인거 같던데. 다른데가봐야겠다 | Mika&Juni(5점): 저렴한 가격, 맛있는 랍스터!!! | Tony Kim(4점): 실내는 전형적인 아구찜집같은 분위기지만 랍스터는 맛있고 가성비가 좋습니다. 주차가 힘든것이 유일한 단점. | 이장형(5점): 뉴욕바닷가재는 본점이 최고입니다. 매번 먹을때마다 실망하질 않네요^^ 이번에는 애들도 잘먹어서 좋았습니다. | Azure 7(5점): 에피타이저 메인 디저트 모두 훌륭했습니다"
솔청청,연수구 동춘동 능허대로267번길 55,4.2,"Ethan Kang(5점): 동춘동 장수하는 맛집 | 권기운(5점): 등갈비 질기지 않고 숮불에 굽기가 번거 롭지만 맛있습니다. | 이상건(5점): 여러 종류의 고기류. 소 돼지 다 판매. 야외에도 테이블이 있고요 주차장은 가게 뒤에 있는 라마다호텔 야외 주차장 이용. 식사시 최대 3시간 짜리 주차권을 줍니다. | 김광태(4점): 인천사는 친구가 맛있다고 추천한 곳입니다.  돼지갈비도 맛있네요. | 이승현 (JAXK)(4점): 고기맛도 좋고 냉면이나 다른 메뉴들도 맛이 상급이에요, 소주테이블과 시끌벅적한 분위기는 호불호갈릴 듯합니다. 고기야 그렇다쳐도 기타 메뉴가 가격이 좀 쎈 편이라 고급스럽지 못한 분위기가 아쉽게 느껴집니다. 장기근무하시는 분들이 많아 단골 잘알아봐주십니다."
"연안식당,한라담",연수구 동춘1동 동곡재로 18-5,3.9,new “newwinner” winner(3점): 인테리어나 분위기가 깔끔해서 사람 많습니다. 완전 특별한 맛은 아니지만 먹을만 합니다. | mono sodium G(5점): 소머리국밥집으로 업종 변경했네요 | 김은아(5점): 저렴한가격에 맛볼수있는 맛있는 음식이있는 식당입니다 | Soojung Kim(5점): 여기 한라담보다 맛있는 돼지고기 구이를 먹어본 적이 없어요. 갈비찜은 맛있긴하지만 구이에 비해서는 별로라 목살구이 추천드려요!! 실내에서 먹는 바베큐 구이맛이엇어요 | jeung's정쓰(1점): 메뉴선택 실패일까 음식 자체가 실패일까
세븐웨이즈,연수구 연수2동 샘말로8번길 13-6,4.2,Juhan Lim(5점): 정말 소중한 숨은 보석같은 파키스탄~인도 할랄 음식점입니다. | 김진아(5점): 점원 및 사장님이 외국분. | 캔트(4점): 전체적으로 나쁘지 않음 음식비주얼👍👍👍 | LIFEISTRAVEL일상여행(4점): 인도 파키스탄 음식점 | jiwoong(5점): 현지인이 만드는 본고장의 맛이에요.
엘에이(LA)북창동순두부,연수구 연수2동 597,3.4,abrooyal K(2점): 순두부에서 나는 해산물 비린내를 제대로 잡지 못했다. 맛만 별로면 그럴텐데 내부 시설도 별로. | 이세진(1점): 불친절합니다.  다신안갑니다. 잘못된주문에도 사과의 말이 없네요 12시이전에  매장방문했는데.. | C B(3점): 주인이 바꼈어요. | Sang Kim(3점): 한겨울 뜨끈한 매콤 콩비지에 더 끌림 | 서상원(3점): 가끔 가는데 갈수록 별로라는 생각이 든다..
Liquor Burger Incheon,"3rd Floor, 600-1, 연수구",4.5,"Woody Park(4점): 처음 갔을 때 여기가 맞나 싶지만 맞았습니다. 따듯한 수제버거가 먹고 싶을 때 갑니다. 버거에 근본이 있습니다. 차가운 레드락 생맥주와 곁들여 드시는 걸 추천합니다. 다양한 오락거리가 있어서 친구들과 가기 좋습니다. 외국인들이 자주 오는 것 같습니다. | 창고지기(3점): 송도와 인근에 거주하는 외국인들에게 아주 핫플레이스라고 하는군요. 매번 공연도 열린다고 하고, 제가 간날은 힙합데이라.. 신선했습니다. | 미친놈(5점): 진짜 이거 햄버거 역대급으로 맛있었음 이거 드시면 앞으로 체인점 못갑니다 그냥 강추가 아니라 무조건 먹어봐야 하는 맛입니다 | lee작은은(5점): 밴드 노래 너무 좋아요!! 여기서 예거 먹으면 이상하게 맛있네요. 외국인 선생님글 많이 모이는 곳이라고 들었는데 외국인 분들 많이 오시더라구요. 단골이 많은 곳인듯 합니다. 버거!! 퀘사디아?? 진짜 맛있어요!!!! 아마 오후8시30분 오픈일거예요! | Joseph Park(5점): 미국/캐나다 음식 먹을려면 여기가 제일입니다. 사람들도 친근하고 (특히 사장님 남편 애런) 사장님이 요리 잘 하셔요. 캐나다와 미국에서 살았는데 태어나서 풀드 포크, 푸틴을 이렇게 잘 하는곳 개인 적으로 처음입니다. 맥주, 칵테일이 다양하고 보드 게임, 콘소울 게임, 다트 등 다양 한 게임이 있어 첫 데이트: 말이 끊기고 어색 할때 게임과 칵테일로 어색함을 풀 수 있습니다. 차이면 혼자 우울하게 마실 소주도 있어요."
원할머니보쌈 인천연수점,연수구 연수2동 604-10,3.4,"방윤정(4점): 김치보쌈 중 3만원 김치 시원하고 고기끝까지 따뜻하게 먹었습니다. 사장님과 직원분 친절하세요!! | 이정현(5점): 원할머니 보쌈은 말이 필요 없죠... | 이병용(5점): 고기는 중간 부드러움 | 심현구(4점): 기본이 단단한 체인점입니다. 맛있습니다. | TV영섭(1점): 정식에 같이 나오는 된장찌개에 해물 없고(사진과 다름),"
정글바베큐,연수구 청량로70번길 72,4.4,모토마루더벤(5점): 너무나 멋지게 자리한곳..! | 최지웅(3점): 캠핑분위기를느낄수있는곳 | Daniela Y(5점): 괜찮습니다. | 수원목수 쌍둥이목수인테리어목수(5점):  | 이시타(3점): 
동신참치 송도점,연수구 청량로 88,4.2,SK Kim(5점): 동신참치는 1999년부터 25년간 굳건히 한 자리를 지키고 있는 인천의 대표 참치집 중 하나입니다. 최근에 가성비 좋은 점심특선을 시작해서 다녀왔습니다. 구성도 좋고 품질도 훌룡해서 모든 분들께 추천드리고 싶네요 :) | UN S (Mu)(5점): 추천으로 점심 초밥메뉴로 갔었는데 깔끔하고 맛있네요. 20년이상하신 곳이라 그런지 달인의 향기가~ | 윤진영(5점): 진짜 참치를 먹었네요 | 윤길중(5점): 지인을  통해 방문 하였으며 질좋은 참치로  여느  참치  전문점  보다  양심 있어 보였다 친절함은  물론  정성스런  밑반찬들이 참치의  깊은  맛을  더해주는 곳이다 | 배한훈(5점): 나름 괴아음.여직원 친절도 넘좋음
